entity_type,name,html_defined_count,css_selector_count,js_ref_count,html_attr_ref_count,js_created_count,html_used_count,css_defined_count,js_selector_ref_count,defined_count,js_call_count,html_inline_event_ref,addevent_ref,issue_flag
id,${id},3.0,0.0,0.0,0.0,0.0,,,,,,,,DUPLICATE_ID_HTML|UNUSED_HTML_ID
id,${oldId},0.0,0.0,0.0,1.0,0.0,,,,,,,,
id,4,2.0,0.0,0.0,0.0,0.0,,,,,,,,DUPLICATE_ID_HTML|UNUSED_HTML_ID
id,F9FAFB,0.0,1.0,0.0,0.0,0.0,,,,,,,,ORPHAN_CSS_ID
id,appContainer,1.0,0.0,2.0,0.0,0.0,,,,,,,,
id,appMain,1.0,0.0,1.0,0.0,0.0,,,,,,,,
id,appSticky,1.0,0.0,1.0,0.0,0.0,,,,,,,,
id,b00020,0.0,1.0,0.0,0.0,0.0,,,,,,,,ORPHAN_CSS_ID
id,b3261e,0.0,5.0,0.0,0.0,0.0,,,,,,,,ORPHAN_CSS_ID
id,b45309,0.0,1.0,0.0,0.0,0.0,,,,,,,,ORPHAN_CSS_ID
id,b91c1c,0.0,3.0,0.0,0.0,0.0,,,,,,,,ORPHAN_CSS_ID
id,balance_${i},1.0,0.0,0.0,0.0,0.0,,,,,,,,UNUSED_HTML_ID
id,basicInfoGroup,1.0,36.0,2.0,0.0,0.0,,,,,,,,
id,basicInfoSection,1.0,0.0,0.0,0.0,0.0,,,,,,,,UNUSED_HTML_ID
id,behavior_${i},1.0,0.0,0.0,0.0,0.0,,,,,,,,UNUSED_HTML_ID
id,c7d2fe,0.0,2.0,0.0,0.0,0.0,,,,,,,,ORPHAN_CSS_ID
id,callDate,1.0,0.0,0.0,2.0,0.0,,,,,,,,
id,callDateControls,1.0,0.0,1.0,0.0,0.0,,,,,,,,
id,careGoalsGroup,1.0,0.0,0.0,0.0,0.0,,,,,,,,UNUSED_HTML_ID
id,careGoals_block,1.0,10.0,0.0,0.0,0.0,,,,,,,,
id,caseManagerName,1.0,0.0,5.0,2.0,0.0,,,,,,,,
id,caseManagerStatus,1.0,0.0,0.0,0.0,0.0,,,,,,,,UNUSED_HTML_ID
id,caseName,1.0,0.0,10.0,2.0,0.0,,,,,,,,
id,caseNameStatus,1.0,0.0,0.0,0.0,0.0,,,,,,,,UNUSED_HTML_ID
id,caseOverviewGroup,1.0,0.0,0.0,0.0,0.0,,,,,,,,UNUSED_HTML_ID
id,caseProfileActionsCard,1.0,0.0,0.0,0.0,0.0,,,,,,,,UNUSED_HTML_ID
id,caseProfileAdlCard,1.0,0.0,0.0,0.0,0.0,,,,,,,,UNUSED_HTML_ID
id,caseProfileAdlGroup,1.0,0.0,0.0,0.0,0.0,,,,,,,,UNUSED_HTML_ID
id,caseProfileBasicCard,1.0,0.0,0.0,0.0,0.0,,,,,,,,UNUSED_HTML_ID
id,caseProfileBasicGroup,1.0,0.0,0.0,0.0,0.0,,,,,,,,UNUSED_HTML_ID
id,caseProfileDeviceCard,1.0,0.0,0.0,0.0,0.0,,,,,,,,UNUSED_HTML_ID
id,caseProfileDisabilityCard,1.0,0.0,0.0,0.0,0.0,,,,,,,,UNUSED_HTML_ID
id,caseProfileDiseaseCard,1.0,0.0,0.0,0.0,0.0,,,,,,,,UNUSED_HTML_ID
id,caseProfileExcretionCard,1.0,0.0,0.0,0.0,0.0,,,,,,,,UNUSED_HTML_ID
id,caseProfileExcretionGroup,1.0,0.0,0.0,0.0,0.0,,,,,,,,UNUSED_HTML_ID
id,caseProfileHealthGroup,1.0,0.0,0.0,0.0,0.0,,,,,,,,UNUSED_HTML_ID
id,caseProfileHearingCard,1.0,0.0,0.0,0.0,0.0,,,,,,,,UNUSED_HTML_ID
id,caseProfileIadlCard,1.0,0.0,0.0,0.0,0.0,,,,,,,,UNUSED_HTML_ID
id,caseProfileIadlGroup,1.0,0.0,0.0,0.0,0.0,,,,,,,,UNUSED_HTML_ID
id,caseProfileMedicationCard,1.0,0.0,0.0,0.0,0.0,,,,,,,,UNUSED_HTML_ID
id,caseProfileMobilityCard,1.0,0.0,0.0,0.0,0.0,,,,,,,,UNUSED_HTML_ID
id,caseProfileMobilityGroup,1.0,0.0,0.0,0.0,0.0,,,,,,,,UNUSED_HTML_ID
id,caseProfileNotesCard,1.0,0.0,0.0,0.0,0.0,,,,,,,,UNUSED_HTML_ID
id,caseProfileOralCard,1.0,0.0,0.0,0.0,0.0,,,,,,,,UNUSED_HTML_ID
id,caseProfileOralGroup,1.0,0.0,0.0,0.0,0.0,,,,,,,,UNUSED_HTML_ID
id,caseProfilePainSkinCard,1.0,0.0,0.0,0.0,0.0,,,,,,,,UNUSED_HTML_ID
id,caseProfilePsychBehaviorCard,1.0,0.0,0.0,0.0,0.0,,,,,,,,UNUSED_HTML_ID
id,caseProfilePsychGroup,1.0,0.0,0.0,0.0,0.0,,,,,,,,UNUSED_HTML_ID
id,caseProfilePsychSleepCard,1.0,0.0,0.0,0.0,0.0,,,,,,,,UNUSED_HTML_ID
id,caseProfileSensoryGroup,1.0,0.0,0.0,0.0,0.0,,,,,,,,UNUSED_HTML_ID
id,caseProfileSummaryGroup,1.0,0.0,0.0,0.0,0.0,,,,,,,,UNUSED_HTML_ID
id,caseProfileSwallowCard,1.0,0.0,0.0,0.0,0.0,,,,,,,,UNUSED_HTML_ID
id,caseProfileVisionCard,1.0,0.0,0.0,0.0,0.0,,,,,,,,UNUSED_HTML_ID
id,cc-custom-${idx},1.0,0.0,0.0,0.0,0.0,,,,,,,,UNUSED_HTML_ID
id,cc-name-${idx},1.0,0.0,0.0,0.0,0.0,,,,,,,,UNUSED_HTML_ID
id,cc-rel-${idx},1.0,0.0,0.0,0.0,0.0,,,,,,,,UNUSED_HTML_ID
id,cdd9ff,0.0,1.0,0.0,0.0,0.0,,,,,,,,ORPHAN_CSS_ID
id,cmsLevelGroup,1.0,3.0,2.0,0.0,0.0,,,,,,,,
id,cmsLevelStatus,1.0,0.0,0.0,0.0,0.0,,,,,,,,UNUSED_HTML_ID
id,cmsLevelValue,1.0,0.0,4.0,2.0,0.0,,,,,,,,
id,coCare,1.0,0.0,1.0,0.0,0.0,,,,,,,,
id,consultName,1.0,0.0,4.0,2.0,0.0,,,,,,,,
id,consultStatus,1.0,0.0,0.0,0.0,0.0,,,,,,,,UNUSED_HTML_ID
id,consultVisitText,1.0,0.0,2.0,0.0,0.0,,,,,,,,
id,contactVisitGroup,1.0,12.0,2.0,0.0,0.0,,,,,,,,
id,d8dce3,0.0,1.0,0.0,0.0,0.0,,,,,,,,ORPHAN_CSS_ID
id,d92d20,0.0,1.0,0.0,0.0,0.0,,,,,,,,ORPHAN_CSS_ID
id,dayCareList,1.0,0.0,3.0,0.0,0.0,,,,,,,,
id,dayCareWrap,1.0,0.0,0.0,0.0,0.0,,,,,,,,UNUSED_HTML_ID
id,dbe5ff,0.0,1.0,0.0,0.0,0.0,,,,,,,,ORPHAN_CSS_ID
id,device_${i},1.0,0.0,0.0,0.0,0.0,,,,,,,,UNUSED_HTML_ID
id,dfe3ea,0.0,1.0,0.0,0.0,0.0,,,,,,,,ORPHAN_CSS_ID
id,diet_${i},1.0,0.0,0.0,0.0,0.0,,,,,,,,UNUSED_HTML_ID
id,disCatBox,1.0,0.0,1.0,0.0,0.0,,,,,,,,
id,dischargeBox,1.0,0.0,1.0,0.0,0.0,,,,,,,,
id,dischargeDate,1.0,0.0,0.0,2.0,0.0,,,,,,,,
id,e1e5ea,0.0,1.0,0.0,0.0,0.0,,,,,,,,ORPHAN_CSS_ID
id,e2e8f0,0.0,2.0,0.0,0.0,0.0,,,,,,,,ORPHAN_CSS_ID
id,e5e7eb,0.0,2.0,0.0,0.0,0.0,,,,,,,,ORPHAN_CSS_ID
id,edf1ff,0.0,1.0,0.0,0.0,0.0,,,,,,,,ORPHAN_CSS_ID
id,eef2ff,0.0,3.0,0.0,0.0,0.0,,,,,,,,ORPHAN_CSS_ID
id,eef4ff,0.0,1.0,0.0,0.0,0.0,,,,,,,,ORPHAN_CSS_ID
id,emotion_${i},1.0,0.0,0.0,0.0,0.0,,,,,,,,UNUSED_HTML_ID
id,errorSummary,1.0,9.0,1.0,0.0,0.0,,,,,,,,
id,ex-custom-${idx},1.0,0.0,0.0,0.0,0.0,,,,,,,,UNUSED_HTML_ID
id,ex-name-${idx},1.0,0.0,0.0,1.0,0.0,,,,,,,,
id,ex-role-${idx},1.0,0.0,0.0,1.0,0.0,,,,,,,,
id,exaid_${i},1.0,0.0,0.0,0.0,0.0,,,,,,,,UNUSED_HTML_ID
id,extras,1.0,0.0,4.0,0.0,0.0,,,,,,,,
id,extrasHeading,1.0,0.0,1.0,0.0,1.0,,,,,,,,
id,extras_conflict,1.0,2.0,1.0,0.0,0.0,,,,,,,,
id,f0f4ff,0.0,1.0,0.0,0.0,0.0,,,,,,,,ORPHAN_CSS_ID
id,f3f4f6,0.0,1.0,0.0,0.0,0.0,,,,,,,,ORPHAN_CSS_ID
id,f3f5f7,0.0,1.0,0.0,0.0,0.0,,,,,,,,ORPHAN_CSS_ID
id,f7f7f7,0.0,1.0,0.0,0.0,0.0,,,,,,,,ORPHAN_CSS_ID
id,f7f9fc,0.0,4.0,0.0,0.0,0.0,,,,,,,,ORPHAN_CSS_ID
id,f8fafc,0.0,7.0,0.0,0.0,0.0,,,,,,,,ORPHAN_CSS_ID
id,f97316,0.0,2.0,0.0,0.0,0.0,,,,,,,,ORPHAN_CSS_ID
id,facc15,0.0,2.0,0.0,0.0,0.0,,,,,,,,ORPHAN_CSS_ID
id,fbbf24,0.0,1.0,0.0,0.0,0.0,,,,,,,,ORPHAN_CSS_ID
id,fca5a5,0.0,3.0,0.0,0.0,0.0,,,,,,,,ORPHAN_CSS_ID
id,fef2f2,0.0,2.0,0.0,0.0,0.0,,,,,,,,ORPHAN_CSS_ID
id,fef3c7,0.0,1.0,0.0,0.0,0.0,,,,,,,,ORPHAN_CSS_ID
id,fef9c3,0.0,1.0,0.0,0.0,0.0,,,,,,,,ORPHAN_CSS_ID
id,fff,0.0,33.0,0.0,0.0,0.0,,,,,,,,ORPHAN_CSS_ID
id,fff5f5,0.0,1.0,0.0,0.0,0.0,,,,,,,,ORPHAN_CSS_ID
id,fff7ed,0.0,3.0,0.0,0.0,0.0,,,,,,,,ORPHAN_CSS_ID
id,ffffff,0.0,2.0,0.0,0.0,0.0,,,,,,,,ORPHAN_CSS_ID
id,floatingActions,1.0,0.0,1.0,0.0,0.0,,,,,,,,
id,fontScaleControl,1.0,0.0,2.0,0.0,0.0,,,,,,,,
id,goalPreview,1.0,1.0,1.0,0.0,0.0,,,,,,,,
id,h3-exec-emergency,1.0,0.0,0.0,0.0,0.0,,,,,,,,UNUSED_HTML_ID
id,h3-goals-extra-name,0.0,0.0,1.0,0.0,0.0,,,,,,,,JS_REF_MISSING_ID
id,h3-goals-extra-rel,0.0,0.0,1.0,0.0,0.0,,,,,,,,JS_REF_MISSING_ID
id,h3-goals-prep-date,0.0,0.0,1.0,0.0,0.0,,,,,,,,JS_REF_MISSING_ID
id,hasForeignCare,0.0,0.0,1.0,0.0,0.0,,,,,,,,JS_REF_MISSING_ID
id,headingSpecToast,1.0,4.0,1.0,0.0,0.0,,,,,,,,
id,headingSpecToastApply,1.0,0.0,1.0,0.0,0.0,,,,,,,,
id,headingSpecToastDismiss,1.0,0.0,1.0,0.0,0.0,,,,,,,,
id,headingSpecToastMessage,1.0,0.0,1.0,0.0,0.0,,,,,,,,
id,hear_,1.0,0.0,0.0,0.0,0.0,,,,,,,,UNUSED_HTML_ID
id,homeCareList,1.0,0.0,2.0,0.0,0.0,,,,,,,,
id,homeCareWrap,1.0,0.0,0.0,0.0,0.0,,,,,,,,UNUSED_HTML_ID
id,includePrimary,1.0,0.0,1.0,0.0,0.0,,,,,,,,
id,isConsultVisit,1.0,0.0,2.0,0.0,0.0,,,,,,,,
id,isDischarge,1.0,0.0,3.0,0.0,0.0,,,,,,,,
id,lang_${i},1.0,0.0,0.0,0.0,0.0,,,,,,,,UNUSED_HTML_ID
id,location_copy_btn,1.0,0.0,1.0,0.0,0.0,,,,,,,,
id,long_goal,1.0,0.0,3.0,0.0,0.0,,,,,,,,
id,lsx_,1.0,0.0,0.0,0.0,0.0,,,,,,,,UNUSED_HTML_ID
id,mealServiceList,1.0,0.0,2.0,0.0,0.0,,,,,,,,
id,mealServiceWrap,1.0,0.0,0.0,0.0,0.0,,,,,,,,UNUSED_HTML_ID
id,mid_access,1.0,0.0,1.0,0.0,0.0,,,,,,,,
id,mid_access_wrap,1.0,0.0,0.0,0.0,0.0,,,,,,,,UNUSED_HTML_ID
id,mid_car,1.0,0.0,1.0,0.0,0.0,,,,,,,,
id,mid_car_wrap,1.0,0.0,0.0,0.0,0.0,,,,,,,,UNUSED_HTML_ID
id,mid_care,1.0,0.0,1.0,0.0,0.0,,,,,,,,
id,mid_care_wrap,1.0,0.0,0.0,0.0,0.0,,,,,,,,UNUSED_HTML_ID
id,mid_meal,1.0,0.0,1.0,0.0,0.0,,,,,,,,
id,mid_meal_wrap,1.0,0.0,0.0,0.0,0.0,,,,,,,,UNUSED_HTML_ID
id,mid_prof,1.0,0.0,1.0,0.0,0.0,,,,,,,,
id,mid_prof_wrap,1.0,0.0,0.0,0.0,0.0,,,,,,,,UNUSED_HTML_ID
id,mid_resp,1.0,0.0,1.0,0.0,0.0,,,,,,,,
id,mid_resp_wrap,1.0,0.0,0.0,0.0,0.0,,,,,,,,UNUSED_HTML_ID
id,mismatchPlanGroup,1.0,0.0,0.0,0.0,0.0,,,,,,,,UNUSED_HTML_ID
id,mismatch_diff_block,1.0,0.0,1.0,0.0,0.0,,,,,,,,
id,mismatch_diff_list,1.0,0.0,1.0,0.0,0.0,,,,,,,,
id,mismatch_diff_text,1.0,0.0,1.0,0.0,0.0,,,,,,,,
id,mismatch_reason_box,1.0,0.0,4.0,0.0,0.0,,,,,,,,
id,mismatch_reason_error,1.0,0.0,1.0,0.0,0.0,,,,,,,,
id,mismatch_reason_other,1.0,0.0,4.0,0.0,0.0,,,,,,,,
id,msg,1.0,0.0,2.0,0.0,0.0,,,,,,,,
id,oral_${i},1.0,0.0,0.0,0.0,0.0,,,,,,,,UNUSED_HTML_ID
id,pageToolbar,1.0,0.0,0.0,0.0,0.0,,,,,,,,UNUSED_HTML_ID
id,phonenote_${i},1.0,0.0,0.0,0.0,0.0,,,,,,,,UNUSED_HTML_ID
id,planEditor,1.0,0.0,1.0,0.0,0.0,,,,,,,,
id,planExecutionCard,1.0,0.0,0.0,0.0,0.0,,,,,,,,UNUSED_HTML_ID
id,planExecutionPreviewCard,1.0,0.0,0.0,0.0,0.0,,,,,,,,UNUSED_HTML_ID
id,planOtherGroup,1.0,0.0,0.0,0.0,0.0,,,,,,,,UNUSED_HTML_ID
id,planReferralCard,1.0,0.0,0.0,0.0,0.0,,,,,,,,UNUSED_HTML_ID
id,planSummaryCap,1.0,0.0,1.0,0.0,0.0,,,,,,,,
id,planSummaryCard,1.0,0.0,0.0,0.0,0.0,,,,,,,,UNUSED_HTML_ID
id,planSummaryCopyBtn,1.0,0.0,1.0,0.0,0.0,,,,,,,,
id,planSummaryCopyPlainBtn,1.0,0.0,1.0,0.0,0.0,,,,,,,,
id,planSummaryExcess,1.0,0.0,1.0,0.0,0.0,,,,,,,,
id,planSummaryPreview,1.0,0.0,1.0,0.0,0.0,,,,,,,,
id,planSummaryRemaining,1.0,0.0,1.0,0.0,0.0,,,,,,,,
id,planSummarySelfPay,1.0,0.0,1.0,0.0,0.0,,,,,,,,
id,planSummaryTotals,1.0,0.0,0.0,0.0,0.0,,,,,,,,UNUSED_HTML_ID
id,planSummaryTotalsHint,1.0,0.0,1.0,0.0,0.0,,,,,,,,
id,planSummaryUsage,1.0,0.0,1.0,0.0,0.0,,,,,,,,
id,planSummaryWithin,1.0,0.0,1.0,0.0,0.0,,,,,,,,
id,plan_emergency_note,1.0,0.0,2.0,1.0,0.0,,,,,,,,
id,plan_other,1.0,0.0,1.0,1.0,0.0,,,,,,,,
id,plan_referral_extra,1.0,0.0,2.0,0.0,0.0,,,,,,,,
id,plan_station_info,1.0,0.0,2.0,1.0,0.0,,,,,,,,
id,plan_station_willingness,1.0,0.0,2.0,1.0,0.0,,,,,,,,
id,plan_text,1.0,0.0,2.0,0.0,0.0,,,,,,,,
id,primaryContactPhone,0.0,0.0,1.0,0.0,0.0,,,,,,,,JS_REF_MISSING_ID
id,primaryName,1.0,0.0,7.0,2.0,0.0,,,,,,,,
id,primaryPhone,0.0,0.0,1.0,0.0,0.0,,,,,,,,JS_REF_MISSING_ID
id,primaryRel,1.0,0.0,9.0,2.0,0.0,,,,,,,,
id,primaryTel,0.0,0.0,1.0,0.0,0.0,,,,,,,,JS_REF_MISSING_ID
id,problemCount,1.0,1.0,1.0,0.0,0.0,,,,,,,,
id,problemList,1.0,0.0,1.0,0.0,0.0,,,,,,,,
id,problemListPrint,1.0,0.0,1.0,0.0,0.0,,,,,,,,
id,problemNote,1.0,0.0,1.0,0.0,0.0,,,,,,,,
id,profServiceList,1.0,0.0,2.0,0.0,0.0,,,,,,,,
id,profServiceWrap,1.0,0.0,0.0,0.0,0.0,,,,,,,,UNUSED_HTML_ID
id,reason1,1.0,0.0,0.0,0.0,0.0,,,,,,,,UNUSED_HTML_ID
id,reason2,1.0,0.0,0.0,0.0,0.0,,,,,,,,UNUSED_HTML_ID
id,reason3,1.0,0.0,1.0,0.0,0.0,,,,,,,,
id,respServiceList,1.0,0.0,2.0,0.0,0.0,,,,,,,,
id,respServiceWrap,1.0,0.0,0.0,0.0,0.0,,,,,,,,UNUSED_HTML_ID
id,rq1,1.0,0.0,2.0,0.0,0.0,,,,,,,,
id,rq1_alt,1.0,0.0,1.0,0.0,0.0,,,,,,,,
id,rq1_alt_preview,1.0,0.0,1.0,0.0,0.0,,,,,,,,
id,rq1_no,1.0,0.0,1.0,0.0,0.0,,,,,,,,
id,rq1_no_preview,1.0,0.0,1.0,0.0,0.0,,,,,,,,
id,rq1_who,1.0,0.0,1.0,0.0,0.0,,,,,,,,
id,rq2,1.0,0.0,2.0,0.0,0.0,,,,,,,,
id,rq2_service,1.0,0.0,1.0,0.0,0.0,,,,,,,,
id,rq2_service_preview,1.0,0.0,1.0,0.0,0.0,,,,,,,,
id,rq2_who,1.0,0.0,0.0,0.0,0.0,,,,,,,,UNUSED_HTML_ID
id,s1_actions_error,1.0,0.0,0.0,0.0,0.0,,,,,,,,UNUSED_HTML_ID
id,s1_actions_hint,1.0,0.0,1.0,0.0,0.0,,,,,,,,
id,s1_actions_list,1.0,0.0,6.0,0.0,0.0,,,,,,,,
id,s1_adl_bathing,1.0,0.0,1.0,1.0,0.0,,,,,,,,
id,s1_adl_bathing_how,1.0,0.0,1.0,0.0,0.0,,,,,,,,
id,s1_adl_dressing,1.0,0.0,1.0,1.0,0.0,,,,,,,,
id,s1_adl_dressing_how,1.0,0.0,1.0,0.0,0.0,,,,,,,,
id,s1_adl_eating,1.0,0.0,1.0,1.0,0.0,,,,,,,,
id,s1_adl_eating_how,1.0,0.0,1.0,0.0,0.0,,,,,,,,
id,s1_adl_groom,1.0,0.0,1.0,1.0,0.0,,,,,,,,
id,s1_adl_groom_how,1.0,0.0,1.0,0.0,0.0,,,,,,,,
id,s1_age,1.0,0.0,1.0,1.0,0.0,,,,,,,,
id,s1_allergy,1.0,0.0,1.0,1.0,0.0,,,,,,,,
id,s1_awareness,1.0,0.0,1.0,1.0,0.0,,,,,,,,
id,s1_balance_box,1.0,0.0,1.0,0.0,0.0,,,,,,,,
id,s1_behavior_box,1.0,0.0,1.0,0.0,0.0,,,,,,,,
id,s1_cognition,1.0,0.0,1.0,1.0,0.0,,,,,,,,
id,s1_daytime,1.0,0.0,1.0,1.0,0.0,,,,,,,,
id,s1_devices_box,1.0,0.0,1.0,0.0,0.0,,,,,,,,
id,s1_devices_note,1.0,0.0,1.0,0.0,0.0,,,,,,,,
id,s1_dhx_box,1.0,0.0,1.0,0.0,0.0,,,,,,,,
id,s1_dhx_other,1.0,0.0,1.0,0.0,0.0,,,,,,,,
id,s1_diet_texture_box,1.0,0.0,2.0,0.0,0.0,,,,,,,,
id,s1_diet_wrap,1.0,0.0,1.0,0.0,0.0,,,,,,,,
id,s1_dis_cat_box,1.0,0.0,1.0,0.0,0.0,,,,,,,,
id,s1_dis_cat_text,1.0,0.0,1.0,0.0,0.0,,,,,,,,
id,s1_dis_level_text,1.0,0.0,1.0,0.0,0.0,,,,,,,,
id,s1_dishwash,1.0,0.0,2.0,1.0,0.0,,,,,,,,
id,s1_dishwash_how,1.0,0.0,2.0,0.0,0.0,,,,,,,,
id,s1_dishwash_how_other,1.0,0.0,2.0,0.0,0.0,,,,,,,,
id,s1_emotion_box,1.0,0.0,1.0,0.0,0.0,,,,,,,,
id,s1_excretion_aids_box,1.0,0.0,2.0,0.0,0.0,,,,,,,,
id,s1_fall_history,1.0,0.0,2.0,1.0,0.0,,,,,,,,
id,s1_fall_times,1.0,0.0,2.0,0.0,0.0,,,,,,,,
id,s1_feeding_tube_box,1.0,0.0,2.0,0.0,0.0,,,,,,,,
id,s1_finance,1.0,0.0,1.0,1.0,0.0,,,,,,,,
id,s1_finance_how,1.0,0.0,1.0,0.0,0.0,,,,,,,,
id,s1_follow_clinic,1.0,0.0,1.0,1.0,0.0,,,,,,,,
id,s1_gait,1.0,0.0,1.0,1.0,0.0,,,,,,,,
id,s1_gait_note,1.0,0.0,1.0,0.0,0.0,,,,,,,,
id,s1_gender,1.0,0.0,3.0,1.0,0.0,,,,,,,,
id,s1_glasses_adherence,1.0,0.0,2.0,1.0,0.0,,,,,,,,
id,s1_glasses_adherence_wrap,1.0,0.0,1.0,0.0,0.0,,,,,,,,
id,s1_hearing_detail_box,1.0,0.0,3.0,0.0,0.0,,,,,,,,
id,s1_hearing_detail_wrap,1.0,0.0,1.0,0.0,0.0,,,,,,,,
id,s1_hearing_device_adherence,1.0,0.0,3.0,1.0,0.0,,,,,,,,
id,s1_hearing_device_wrap,1.0,0.0,1.0,0.0,0.0,,,,,,,,
id,s1_hearing_level,1.0,0.0,2.0,1.0,0.0,,,,,,,,
id,s1_housework,1.0,0.0,1.0,1.0,0.0,,,,,,,,
id,s1_housework_how,1.0,0.0,1.0,0.0,0.0,,,,,,,,
id,s1_lang_box,1.0,0.0,1.0,0.0,0.0,,,,,,,,
id,s1_lang_note,1.0,0.0,1.0,0.0,0.0,,,,,,,,
id,s1_lesion_area_display,1.0,0.0,1.0,0.0,0.0,,,,,,,,
id,s1_lesion_eval,1.0,0.0,3.0,1.0,0.0,,,,,,,,
id,s1_lesion_has,1.0,0.0,7.0,1.0,0.0,,,,,,,,
id,s1_lesion_hospital,1.0,0.0,3.0,0.0,0.0,,,,,,,,
id,s1_lesion_layer,1.0,0.0,3.0,1.0,0.0,,,,,,,,
id,s1_lesion_layer_other,1.0,0.0,3.0,0.0,0.0,,,,,,,,
id,s1_lesion_layer_wrap,1.0,0.0,1.0,0.0,0.0,,,,,,,,
id,s1_lesion_length,1.0,0.0,2.0,0.0,0.0,,,,,,,,
id,s1_lesion_mode,1.0,0.0,1.0,0.0,0.0,,,,,,,,
id,s1_lesion_more,1.0,0.0,1.0,0.0,0.0,,,,,,,,
id,s1_lesion_size_error,1.0,0.0,0.0,0.0,0.0,,,,,,,,UNUSED_HTML_ID
id,s1_lesion_size_hint,1.0,0.0,1.0,0.0,0.0,,,,,,,,
id,s1_lesion_size_wrap,1.0,0.0,1.0,0.0,0.0,,,,,,,,
id,s1_lesion_sx_box,1.0,0.0,3.0,0.0,0.0,,,,,,,,
id,s1_lesion_width,1.0,0.0,2.0,0.0,0.0,,,,,,,,
id,s1_location_active_label,1.0,0.0,1.0,0.0,0.0,,,,,,,,
id,s1_location_block,1.0,0.0,2.0,0.0,0.0,,,,,,,,
id,s1_location_laterality,1.0,0.0,3.0,1.0,0.0,,,,,,,,
id,s1_location_region,1.0,0.0,3.0,1.0,0.0,,,,,,,,
id,s1_location_subregion,1.0,0.0,4.0,1.0,0.0,,,,,,,,
id,s1_location_subregion_other,1.0,0.0,3.0,0.0,0.0,,,,,,,,
id,s1_location_toolbar,1.0,0.0,1.0,0.0,0.0,,,,,,,,
id,s1_meal_prep,1.0,0.0,1.0,1.0,0.0,,,,,,,,
id,s1_meal_prep_how,1.0,0.0,1.0,0.0,0.0,,,,,,,,
id,s1_med_classes_box,1.0,0.0,1.0,0.0,0.0,,,,,,,,
id,s1_med_classes_other,1.0,0.0,1.0,0.0,0.0,,,,,,,,
id,s1_med_manage,1.0,0.0,1.0,1.0,0.0,,,,,,,,
id,s1_motivation,1.0,0.0,1.0,1.0,0.0,,,,,,,,
id,s1_night_catheter_note,1.0,0.0,1.0,0.0,0.0,,,,,,,,
id,s1_nocturia_count,1.0,0.0,3.0,1.0,0.0,,,,,,,,
id,s1_nocturia_wrap,1.0,0.0,1.0,0.0,0.0,,,,,,,,
id,s1_notes,1.0,0.0,1.0,1.0,0.0,,,,,,,,
id,s1_oral_box,1.0,0.0,1.0,0.0,0.0,,,,,,,,
id,s1_oral_note,1.0,0.0,1.0,0.0,0.0,,,,,,,,
id,s1_pain,1.0,0.0,7.0,1.0,0.0,,,,,,,,
id,s1_pain_location_error,1.0,0.0,0.0,0.0,0.0,,,,,,,,UNUSED_HTML_ID
id,s1_pain_score,1.0,0.0,3.0,1.0,0.0,,,,,,,,
id,s1_pain_score_error,1.0,0.0,0.0,0.0,0.0,,,,,,,,UNUSED_HTML_ID
id,s1_pain_score_wrap,1.0,0.0,1.0,0.0,0.0,,,,,,,,
id,s1_phone,1.0,0.0,3.0,1.0,0.0,,,,,,,,
id,s1_phone_note_box,1.0,0.0,2.0,0.0,0.0,,,,,,,,
id,s1_phone_note_other,1.0,0.0,2.0,0.0,0.0,,,,,,,,
id,s1_phone_note_wrap,1.0,0.0,1.0,0.0,0.0,,,,,,,,
id,s1_post_toilet,1.0,0.0,1.0,1.0,0.0,,,,,,,,
id,s1_post_toilet_how,1.0,0.0,1.0,0.0,0.0,,,,,,,,
id,s1_rx_type,1.0,0.0,1.0,1.0,0.0,,,,,,,,
id,s1_shopping,1.0,0.0,2.0,1.0,0.0,,,,,,,,
id,s1_shopping_how,1.0,0.0,2.0,0.0,0.0,,,,,,,,
id,s1_shopping_how_other,1.0,0.0,2.0,0.0,0.0,,,,,,,,
id,s1_sitting_stability,1.0,0.0,2.0,1.0,0.0,,,,,,,,
id,s1_sitting_support_box,1.0,0.0,2.0,0.0,0.0,,,,,,,,
id,s1_sleep,1.0,0.0,2.0,1.0,0.0,,,,,,,,
id,s1_sleep_reason,1.0,0.0,3.0,0.0,0.0,,,,,,,,
id,s1_sleep_reason_detail,1.0,0.0,3.0,0.0,0.0,,,,,,,,
id,s1_sleep_reason_other,1.0,0.0,3.0,0.0,0.0,,,,,,,,
id,s1_stairs,1.0,0.0,1.0,1.0,0.0,,,,,,,,
id,s1_surgery,1.0,0.0,1.0,1.0,0.0,,,,,,,,
id,s1_swallow,1.0,0.0,2.0,1.0,0.0,,,,,,,,
id,s1_swallow_sx_box,1.0,0.0,1.0,0.0,0.0,,,,,,,,
id,s1_swallow_sx_hint,1.0,0.0,1.0,0.0,0.0,,,,,,,,
id,s1_swallow_sx_wrap,1.0,0.0,1.0,0.0,0.0,,,,,,,,
id,s1_transfer,1.0,0.0,1.0,1.0,0.0,,,,,,,,
id,s1_transfer_how,1.0,0.0,1.0,0.0,0.0,,,,,,,,
id,s1_urine_day,1.0,0.0,1.0,1.0,0.0,,,,,,,,
id,s1_urine_day_other,1.0,0.0,1.0,0.0,0.0,,,,,,,,
id,s1_urine_night,1.0,0.0,3.0,1.0,0.0,,,,,,,,
id,s1_urine_night_other,1.0,0.0,2.0,0.0,0.0,,,,,,,,
id,s1_urine_night_wrap,1.0,0.0,1.0,0.0,0.0,,,,,,,,
id,s1_vision,1.0,0.0,2.0,1.0,0.0,,,,,,,,
id,s1_vision_auto_hint,1.0,0.0,1.0,0.0,0.0,,,,,,,,
id,s1_vision_note_box,1.0,0.0,4.0,0.0,0.0,,,,,,,,
id,s1_vision_other,1.0,0.0,2.0,0.0,0.0,,,,,,,,
id,s1_visit_transport,1.0,0.0,2.0,1.0,0.0,,,,,,,,
id,s1_visit_transport_other,1.0,0.0,2.0,0.0,0.0,,,,,,,,
id,s1_walk_indoor,1.0,0.0,1.0,1.0,0.0,,,,,,,,
id,s1_walk_outdoor,1.0,0.0,1.0,1.0,0.0,,,,,,,,
id,s1_weak_laterality,1.0,0.0,1.0,1.0,0.0,,,,,,,,
id,s2_dis_cat,1.0,0.0,4.0,0.0,0.0,,,,,,,,
id,s2_dis_level,1.0,0.0,4.0,0.0,0.0,,,,,,,,
id,s2_id,1.0,0.0,2.0,0.0,0.0,,,,,,,,
id,s2_sources,1.0,0.0,2.0,0.0,0.0,,,,,,,,
id,s3_aids,1.0,0.0,2.0,0.0,0.0,,,,,,,,
id,s3_clean,1.0,0.0,1.0,0.0,0.0,,,,,,,,
id,s3_fac,1.0,0.0,2.0,0.0,0.0,,,,,,,,
id,s3_own,1.0,0.0,2.0,0.0,0.0,,,,,,,,
id,s3_rent_amount,1.0,0.0,2.0,0.0,0.0,,,,,,,,
id,s3_rent_amount_wrap,1.0,0.0,1.0,0.0,0.0,,,,,,,,
id,s3_rent_fee,1.0,0.0,2.0,0.0,0.0,,,,,,,,
id,s3_rent_fee_wrap,1.0,0.0,1.0,0.0,0.0,,,,,,,,
id,s3_smell,1.0,0.0,1.0,0.0,0.0,,,,,,,,
id,s3_type,1.0,0.0,2.0,0.0,0.0,,,,,,,,
id,s3_type_other,1.0,0.0,2.0,0.0,0.0,,,,,,,,
id,s6_after,1.0,0.0,1.0,0.0,0.0,,,,,,,,
id,s6_before,1.0,0.0,1.0,0.0,0.0,,,,,,,,
id,section1_block,1.0,2.0,5.0,0.0,0.0,,,,,,,,
id,section1_diff_toggle,1.0,0.0,2.0,0.0,0.0,,,,,,,,
id,section1_error_summary,1.0,2.0,2.0,0.0,0.0,,,,,,,,
id,section1_errors,1.0,0.0,3.0,0.0,0.0,,,,,,,,
id,section1_out,1.0,0.0,3.0,0.0,0.0,,,,,,,,
id,section1_preview_cards,1.0,0.0,2.0,0.0,0.0,,,,,,,,
id,section1_rule_errors,1.0,0.0,2.0,0.0,0.0,,,,,,,,
id,section2_block,1.0,0.0,0.0,0.0,0.0,,,,,,,,UNUSED_HTML_ID
id,section2_out,1.0,0.0,2.0,0.0,0.0,,,,,,,,
id,section3_block,1.0,0.0,0.0,0.0,0.0,,,,,,,,UNUSED_HTML_ID
id,section3_out,1.0,0.0,3.0,0.0,0.0,,,,,,,,
id,section4_block,1.0,0.0,0.0,0.0,0.0,,,,,,,,UNUSED_HTML_ID
id,section4_out,1.0,0.0,2.0,0.0,0.0,,,,,,,,
id,section5,1.0,0.0,1.0,0.0,0.0,,,,,,,,
id,section5_block,1.0,0.0,0.0,0.0,0.0,,,,,,,,UNUSED_HTML_ID
id,section6_block,1.0,0.0,0.0,0.0,0.0,,,,,,,,UNUSED_HTML_ID
id,section6_struct,1.0,0.0,2.0,0.0,0.0,,,,,,,,
id,short_access,1.0,0.0,1.0,0.0,0.0,,,,,,,,
id,short_access_wrap,1.0,0.0,0.0,0.0,0.0,,,,,,,,UNUSED_HTML_ID
id,short_car,1.0,0.0,1.0,0.0,0.0,,,,,,,,
id,short_car_wrap,1.0,0.0,0.0,0.0,0.0,,,,,,,,UNUSED_HTML_ID
id,short_care,1.0,0.0,1.0,0.0,0.0,,,,,,,,
id,short_care_wrap,1.0,0.0,0.0,0.0,0.0,,,,,,,,UNUSED_HTML_ID
id,short_meal,1.0,0.0,1.0,0.0,0.0,,,,,,,,
id,short_meal_wrap,1.0,0.0,0.0,0.0,0.0,,,,,,,,UNUSED_HTML_ID
id,short_prof,1.0,0.0,1.0,0.0,0.0,,,,,,,,
id,short_prof_wrap,1.0,0.0,0.0,0.0,0.0,,,,,,,,UNUSED_HTML_ID
id,short_resp,1.0,0.0,1.0,0.0,0.0,,,,,,,,
id,short_resp_wrap,1.0,0.0,0.0,0.0,0.0,,,,,,,,UNUSED_HTML_ID
id,sideNav,1.0,0.0,2.0,1.0,0.0,,,,,,,,
id,sideNavBackdrop,1.0,0.0,1.0,0.0,0.0,,,,,,,,
id,sideNavList,1.0,0.0,1.0,0.0,0.0,,,,,,,,
id,sideNavToggleButton,1.0,0.0,1.0,0.0,0.0,,,,,,,,
id,sit_${i},1.0,0.0,0.0,0.0,0.0,,,,,,,,UNUSED_HTML_ID
id,sp_cohabit,1.0,0.0,1.0,0.0,0.0,,,,,,,,
id,sp_deciderName,1.0,0.0,5.0,0.0,0.0,,,,,,,,
id,sp_deciderPhone,1.0,0.0,2.0,0.0,0.0,,,,,,,,
id,sp_deciderRel,1.0,0.0,5.0,0.0,0.0,,,,,,,,
id,sp_formal,1.0,0.0,4.0,0.0,0.0,,,,,,,,
id,sp_inf_fw,1.0,0.0,0.0,0.0,0.0,,,,,,,,UNUSED_HTML_ID
id,sp_inf_fw_freq,1.0,0.0,0.0,0.0,0.0,,,,,,,,UNUSED_HTML_ID
id,sp_inf_fw_name,1.0,0.0,0.0,0.0,0.0,,,,,,,,UNUSED_HTML_ID
id,sp_inf_nb,1.0,0.0,0.0,0.0,0.0,,,,,,,,UNUSED_HTML_ID
id,sp_inf_nb_freq,1.0,0.0,0.0,0.0,0.0,,,,,,,,UNUSED_HTML_ID
id,sp_inf_nb_name,1.0,0.0,0.0,0.0,0.0,,,,,,,,UNUSED_HTML_ID
id,sp_inf_pt,1.0,0.0,0.0,0.0,0.0,,,,,,,,UNUSED_HTML_ID
id,sp_inf_pt_freq,1.0,0.0,0.0,0.0,0.0,,,,,,,,UNUSED_HTML_ID
id,sp_inf_pt_name,1.0,0.0,0.0,0.0,0.0,,,,,,,,UNUSED_HTML_ID
id,sp_inf_rg,1.0,0.0,0.0,0.0,0.0,,,,,,,,UNUSED_HTML_ID
id,sp_inf_rg_freq,1.0,0.0,0.0,0.0,0.0,,,,,,,,UNUSED_HTML_ID
id,sp_inf_rg_name,1.0,0.0,0.0,0.0,0.0,,,,,,,,UNUSED_HTML_ID
id,sp_primaryName_text,1.0,0.0,1.0,0.0,0.0,,,,,,,,
id,sp_primaryRel_text,1.0,0.0,1.0,0.0,0.0,,,,,,,,
id,sp_risks,1.0,0.0,2.0,0.0,0.0,,,,,,,,
id,stickySummary,1.0,0.0,0.0,0.0,0.0,,,,,,,,UNUSED_HTML_ID
id,summaryCaseName,1.0,0.0,0.0,0.0,0.0,,,,,,,,UNUSED_HTML_ID
id,summaryCmsLevel,1.0,0.0,0.0,0.0,0.0,,,,,,,,UNUSED_HTML_ID
id,summaryProgressFill,1.0,0.0,0.0,0.0,0.0,,,,,,,,UNUSED_HTML_ID
id,summaryProgressText,1.0,0.0,0.0,0.0,0.0,,,,,,,,UNUSED_HTML_ID
id,summaryRemainingText,1.0,0.0,0.0,0.0,0.0,,,,,,,,UNUSED_HTML_ID
id,swallow_${i},1.0,0.0,0.0,0.0,0.0,,,,,,,,UNUSED_HTML_ID
id,transportServiceList,1.0,0.0,2.0,0.0,0.0,,,,,,,,
id,transportServiceWrap,1.0,0.0,0.0,0.0,0.0,,,,,,,,UNUSED_HTML_ID
id,tube_${i},1.0,0.0,0.0,0.0,0.0,,,,,,,,UNUSED_HTML_ID
id,unitCode,1.0,0.0,5.0,2.0,0.0,,,,,,,,
id,validationToast,1.0,9.0,5.0,0.0,0.0,,,,,,,,
id,validationToastAction,1.0,0.0,3.0,0.0,0.0,,,,,,,,
id,validationToastClose,1.0,0.0,1.0,0.0,0.0,,,,,,,,
id,validationToastText,1.0,0.0,1.0,0.0,0.0,,,,,,,,
id,visitDate,1.0,0.0,0.0,2.0,0.0,,,,,,,,
id,visitPartnersCard,1.0,11.0,1.0,0.0,0.0,,,,,,,,
id,vnote_,1.0,0.0,0.0,0.0,0.0,,,,,,,,UNUSED_HTML_ID
id,wizardJumpSelect,1.0,0.0,1.0,1.0,0.0,,,,,,,,
id,wizardMoreBtn,1.0,3.0,2.0,0.0,0.0,,,,,,,,
id,wizardMoreMenu,1.0,0.0,1.0,1.0,0.0,,,,,,,,
id,wizardMoreWrapper,1.0,3.0,0.0,0.0,0.0,,,,,,,,
id,wizardNextBtn,1.0,1.0,2.0,0.0,0.0,,,,,,,,
id,wizardPrevBtn,1.0,2.0,2.0,0.0,0.0,,,,,,,,
id,wizardPrevCompactBtn,1.0,0.0,2.0,0.0,0.0,,,,,,,,
id,wizardQuickJump,1.0,0.0,0.0,0.0,0.0,,,,,,,,UNUSED_HTML_ID
id,wizardSaveBtn,1.0,1.0,2.0,0.0,0.0,,,,,,,,
id,wizardSteps,1.0,0.0,1.0,0.0,0.0,,,,,,,,
class,action-item,,,,,,0.0,3.0,2.0,,,,,
class,action-item-controls,,,,,,0.0,1.0,1.0,,,,,
class,action-item-fields,,,,,,0.0,1.0,0.0,,,,,ORPHAN_CSS_CLASS
class,action-list,,,,,,1.0,1.0,0.0,,,,,
class,active,,,,,,0.0,3.0,0.0,,,,,ORPHAN_CSS_CLASS
class,app-body,,,,,,1.0,1.0,0.0,,,,,
class,app-body-controls,,,,,,1.0,2.0,0.0,,,,,
class,app-container,,,,,,1.0,3.0,0.0,,,,,
class,app-header,,,,,,1.0,1.0,0.0,,,,,
class,app-main,,,,,,1.0,3.0,0.0,,,,,
class,app-shell,,,,,,1.0,1.0,0.0,,,,,
class,app-sticky,,,,,,1.0,2.0,0.0,,,,,
class,app-sticky-inner,,,,,,1.0,2.0,0.0,,,,,
class,auto-hint,,,,,,1.0,2.0,0.0,,,,,
class,auto-summary,,,,,,0.0,2.0,0.0,,,,,ORPHAN_CSS_CLASS
class,auto-summary-box,,,,,,0.0,2.0,0.0,,,,,ORPHAN_CSS_CLASS
class,autogrid,,,,,,31.0,6.0,0.0,,,,,
class,autogrid--tight,,,,,,0.0,1.0,0.0,,,,,ORPHAN_CSS_CLASS
class,autogrid--wide,,,,,,31.0,1.0,0.0,,,,,
class,badge,,,,,,5.0,2.0,0.0,,,,,
class,basic-info-field,,,,,,4.0,6.0,0.0,,,,,
class,basic-info-fields,,,,,,1.0,2.0,0.0,,,,,
class,basic-info-row,,,,,,2.0,3.0,0.0,,,,,
class,basic-info-status,,,,,,4.0,6.0,0.0,,,,,
class,btnbar,,,,,,3.0,2.0,0.0,,,,,
class,button-add,,,,,,1.0,2.0,0.0,,,,,
class,card-lg,,,,,,2.0,1.0,0.0,,,,,
class,card-main,,,,,,1.0,1.0,0.0,,,,,
class,care-goal-block,,,,,,3.0,1.0,0.0,,,,,
class,care-goal-heading,,,,,,1.0,1.0,0.0,,,,,
class,care-goals-side-inner,,,,,,1.0,2.0,0.0,,,,,
class,case-manager-field,,,,,,1.0,6.0,0.0,,,,,
class,case-name-field,,,,,,1.0,5.0,0.0,,,,,
class,check-item,,,,,,0.0,3.0,0.0,,,,,ORPHAN_CSS_CLASS
class,checkcol,,,,,,24.0,15.0,2.0,,,,,
class,checkcol-wrapper,,,,,,0.0,3.0,1.0,,,,,
class,checkgrid,,,,,,0.0,2.0,0.0,,,,,ORPHAN_CSS_CLASS
class,cms-level-group,,,,,,1.0,4.0,0.0,,,,,
class,cms-level-hint,,,,,,1.0,0.0,0.0,,,,,UNSTYLED_UNREFERENCED_CLASS
class,cms-level-row,,,,,,1.0,7.0,1.0,,,,,
class,consult-name-field,,,,,,1.0,5.0,0.0,,,,,
class,contact-visit-card,,,,,,3.0,4.0,0.0,,,,,
class,contact-visit-card-body,,,,,,3.0,2.0,0.0,,,,,
class,contact-visit-card-header,,,,,,3.0,1.0,0.0,,,,,
class,contact-visit-cards,,,,,,0.0,2.0,0.0,,,,,ORPHAN_CSS_CLASS
class,danger,,,,,,1.0,1.0,0.0,,,,,
class,datebox,,,,,,3.0,5.0,0.0,,,,,
class,diff-add,,,,,,2.0,1.0,0.0,,,,,
class,diff-del,,,,,,2.0,1.0,0.0,,,,,
class,diff-empty,,,,,,2.0,1.0,0.0,,,,,
class,empty,,,,,,0.0,1.0,0.0,,,,,ORPHAN_CSS_CLASS
class,error-messages,,,,,,2.0,3.0,0.0,,,,,
class,error-panel-section,,,,,,1.0,2.0,0.0,,,,,
class,error-panel-section-title,,,,,,1.0,1.0,0.0,,,,,
class,error-panel-title,,,,,,1.0,1.0,0.0,,,,,
class,error-summary,,,,,,1.0,4.0,0.0,,,,,
class,extra-remove,,,,,,1.0,4.0,0.0,,,,,
class,extra-row,,,,,,0.0,4.0,0.0,,,,,ORPHAN_CSS_CLASS
class,extra-row-actions,,,,,,1.0,1.0,0.0,,,,,
class,extras-heading-grid,,,,,,0.0,2.0,0.0,,,,,ORPHAN_CSS_CLASS
class,field,,,,,,65.0,4.0,0.0,,,,,
class,field-error,,,,,,5.0,2.0,1.0,,,,,
class,field-intro,,,,,,12.0,9.0,0.0,,,,,
class,field-intro-grid,,,,,,0.0,2.0,0.0,,,,,ORPHAN_CSS_CLASS
class,floating-actions,,,,,,1.0,5.0,0.0,,,,,
class,floating-more-menu,,,,,,1.0,3.0,0.0,,,,,
class,font-scale-control,,,,,,1.0,4.0,0.0,,,,,
class,full,,,,,,0.0,1.0,0.0,,,,,ORPHAN_CSS_CLASS
class,goal-preview-empty,,,,,,1.0,1.0,0.0,,,,,
class,group,,,,,,17.0,24.0,2.0,,,,,
class,group-collapse,,,,,,0.0,7.0,2.0,,,,,
class,group-collapse-icon,,,,,,0.0,3.0,0.0,,,,,ORPHAN_CSS_CLASS
class,group-content,,,,,,17.0,2.0,0.0,,,,,
class,group-header,,,,,,16.0,4.0,1.0,,,,,
class,h1,,,,,,4.0,1.0,7.0,,,,,
class,h2,,,,,,12.0,2.0,5.0,,,,,
class,h3,,,,,,106.0,6.0,6.0,,,,,
class,h4,,,,,,49.0,3.0,6.0,,,,,
class,h5,,,,,,26.0,2.0,4.0,,,,,
class,h6,,,,,,0.0,0.0,4.0,,,,,
class,heading-tier,,,,,,37.0,5.0,2.0,,,,,
class,heading-tier--primary,,,,,,11.0,1.0,0.0,,,,,
class,heading-tier--section,,,,,,9.0,1.0,0.0,,,,,
class,heading-tier--subsection,,,,,,17.0,1.0,0.0,,,,,
class,hint,,,,,,15.0,1.0,0.0,,,,,
class,home-care-code,,,,,,0.0,1.0,0.0,,,,,ORPHAN_CSS_CLASS
class,home-care-extra,,,,,,0.0,2.0,0.0,,,,,ORPHAN_CSS_CLASS
class,home-care-grid,,,,,,6.0,1.0,0.0,,,,,
class,home-care-item,,,,,,0.0,8.0,8.0,,,,,
class,home-care-main,,,,,,0.0,2.0,0.0,,,,,ORPHAN_CSS_CLASS
class,home-care-name,,,,,,0.0,1.0,0.0,,,,,ORPHAN_CSS_CLASS
class,home-care-qty,,,,,,0.0,1.0,6.0,,,,,
class,home-care-qty-label,,,,,,0.0,1.0,0.0,,,,,ORPHAN_CSS_CLASS
class,home-care-qty-wrap,,,,,,0.0,1.0,0.0,,,,,ORPHAN_CSS_CLASS
class,home-care-status,,,,,,0.0,1.0,1.0,,,,,
class,home-care-title,,,,,,0.0,1.0,0.0,,,,,ORPHAN_CSS_CLASS
class,hr,,,,,,8.0,1.0,0.0,,,,,
class,inline,,,,,,6.0,0.0,0.0,,,,,UNSTYLED_UNREFERENCED_CLASS
class,inline-checkbox,,,,,,2.0,3.0,0.0,,,,,
class,input-complete,,,,,,0.0,1.0,0.0,,,,,ORPHAN_CSS_CLASS
class,input-invalid,,,,,,0.0,2.0,1.0,,,,,
class,is-active,,,,,,0.0,4.0,0.0,,,,,ORPHAN_CSS_CLASS
class,is-locked,,,,,,0.0,1.0,0.0,,,,,ORPHAN_CSS_CLASS
class,lesion-area,,,,,,1.0,1.0,0.0,,,,,
class,lesion-mode,,,,,,1.0,3.0,0.0,,,,,
class,lesion-size-field,,,,,,2.0,3.0,0.0,,,,,
class,lesion-size-grid,,,,,,1.0,1.0,0.0,,,,,
class,location-actions,,,,,,1.0,2.0,0.0,,,,,
class,location-current,,,,,,1.0,1.0,0.0,,,,,
class,location-switch,,,,,,1.0,1.0,1.0,,,,,
class,location-toolbar,,,,,,1.0,3.0,0.0,,,,,
class,mismatch-diff,,,,,,1.0,2.0,0.0,,,,,
class,muted,,,,,,2.0,0.0,0.0,,,,,UNSTYLED_UNREFERENCED_CLASS
class,negative,,,,,,0.0,1.0,0.0,,,,,ORPHAN_CSS_CLASS
class,page,,,,,,0.0,2.0,0.0,,,,,ORPHAN_CSS_CLASS
class,page-section,,,,,,4.0,18.0,4.0,,,,,
class,page-tabs,,,,,,0.0,3.0,3.0,,,,,
class,paragraph,,,,,,0.0,1.0,0.0,,,,,ORPHAN_CSS_CLASS
class,placeholder-option,,,,,,18.0,1.0,0.0,,,,,
class,plan-card-care-goals,,,,,,1.0,1.0,0.0,,,,,
class,plan-card-case-overview,,,,,,1.0,1.0,0.0,,,,,
class,plan-card-mismatch,,,,,,1.0,1.0,0.0,,,,,
class,plan-category,,,,,,1.0,1.0,0.0,,,,,
class,plan-category-body,,,,,,1.0,1.0,0.0,,,,,
class,plan-category-heading,,,,,,1.0,2.0,0.0,,,,,
class,plan-category-meta,,,,,,1.0,1.0,0.0,,,,,
class,plan-editor,,,,,,1.0,1.0,0.0,,,,,
class,plan-empty-hint,,,,,,0.0,1.0,0.0,,,,,ORPHAN_CSS_CLASS
class,plan-entry,,,,,,0.0,3.0,0.0,,,,,ORPHAN_CSS_CLASS
class,plan-entry-grid,,,,,,0.0,3.0,0.0,,,,,ORPHAN_CSS_CLASS
class,plan-entry-header,,,,,,0.0,1.0,0.0,,,,,ORPHAN_CSS_CLASS
class,plan-field,,,,,,0.0,2.0,0.0,,,,,ORPHAN_CSS_CLASS
class,plan-guideline,,,,,,1.0,3.0,0.0,,,,,
class,plan-hint,,,,,,0.0,1.0,0.0,,,,,ORPHAN_CSS_CLASS
class,plan-meta-grid,,,,,,1.0,3.0,0.0,,,,,
class,plan-preview,,,,,,1.0,1.0,0.0,,,,,
class,plan-qty-hint,,,,,,0.0,1.0,0.0,,,,,ORPHAN_CSS_CLASS
class,plan-qty-toolbar,,,,,,0.0,3.0,0.0,,,,,ORPHAN_CSS_CLASS
class,plan-summary-total-card,,,,,,6.0,1.0,0.0,,,,,
class,plan-summary-total-label,,,,,,6.0,1.0,0.0,,,,,
class,plan-summary-total-value,,,,,,6.0,2.0,0.0,,,,,
class,plan-summary-totals,,,,,,1.0,3.0,0.0,,,,,
class,plan-summary-totals-hint,,,,,,1.0,2.0,0.0,,,,,
class,plan-workspace,,,,,,0.0,2.0,0.0,,,,,ORPHAN_CSS_CLASS
class,plan-workspace-main,,,,,,0.0,3.0,0.0,,,,,ORPHAN_CSS_CLASS
class,plan-workspace-side,,,,,,0.0,5.0,0.0,,,,,ORPHAN_CSS_CLASS
class,preview,,,,,,1.0,2.0,0.0,,,,,
class,preview-card,,,,,,0.0,3.0,1.0,,,,,
class,preview-card-actions,,,,,,0.0,1.0,0.0,,,,,ORPHAN_CSS_CLASS
class,preview-card-body,,,,,,0.0,5.0,0.0,,,,,ORPHAN_CSS_CLASS
class,preview-card-container,,,,,,1.0,2.0,0.0,,,,,
class,preview-card-header,,,,,,0.0,1.0,0.0,,,,,ORPHAN_CSS_CLASS
class,preview-card-previous,,,,,,0.0,2.0,1.0,,,,,
class,preview-card-title,,,,,,0.0,1.0,0.0,,,,,ORPHAN_CSS_CLASS
class,preview-empty,,,,,,1.0,1.0,1.0,,,,,
class,preview-toggle,,,,,,1.0,1.0,0.0,,,,,
class,preview-toolbar,,,,,,1.0,1.0,0.0,,,,,
class,primary,,,,,,4.0,2.0,0.0,,,,,
class,row,,,,,,4.0,7.0,1.0,,,,,
class,rule-invalid,,,,,,0.0,1.0,0.0,,,,,ORPHAN_CSS_CLASS
class,section-advanced-count,,,,,,0.0,3.0,0.0,,,,,ORPHAN_CSS_CLASS
class,section-card,,,,,,27.0,8.0,3.0,,,,,
class,section-card-grid,,,,,,14.0,2.0,1.0,,,,,
class,section-controls,,,,,,0.0,4.0,0.0,,,,,ORPHAN_CSS_CLASS
class,section-group,,,,,,0.0,11.0,3.0,,,,,
class,section-group-body,,,,,,0.0,6.0,0.0,,,,,ORPHAN_CSS_CLASS
class,section-group-empty,,,,,,0.0,2.0,1.0,,,,,
class,section-group-header,,,,,,0.0,1.0,0.0,,,,,ORPHAN_CSS_CLASS
class,section-group-progress,,,,,,0.0,1.0,0.0,,,,,ORPHAN_CSS_CLASS
class,section-group-toggle,,,,,,0.0,5.0,1.0,,,,,
class,section-intro-grid,,,,,,0.0,4.0,0.0,,,,,ORPHAN_CSS_CLASS
class,section-progress,,,,,,0.0,1.0,0.0,,,,,ORPHAN_CSS_CLASS
class,section-progress-bar,,,,,,0.0,1.0,0.0,,,,,ORPHAN_CSS_CLASS
class,section-progress-bar-fill,,,,,,0.0,1.0,0.0,,,,,ORPHAN_CSS_CLASS
class,section-progress-text,,,,,,0.0,1.0,0.0,,,,,ORPHAN_CSS_CLASS
class,section-selection-badge,,,,,,0.0,2.0,1.0,,,,,
class,section-toggle-all,,,,,,0.0,1.0,0.0,,,,,ORPHAN_CSS_CLASS
class,selfpay-field,,,,,,0.0,2.0,0.0,,,,,ORPHAN_CSS_CLASS
class,selfpay-hint,,,,,,0.0,2.0,0.0,,,,,ORPHAN_CSS_CLASS
class,side-nav,,,,,,1.0,5.0,0.0,,,,,
class,side-nav-backdrop,,,,,,1.0,3.0,0.0,,,,,
class,side-nav-count,,,,,,0.0,5.0,0.0,,,,,ORPHAN_CSS_CLASS
class,side-nav-item,,,,,,0.0,18.0,0.0,,,,,ORPHAN_CSS_CLASS
class,side-nav-link,,,,,,0.0,7.0,0.0,,,,,ORPHAN_CSS_CLASS
class,side-nav-list,,,,,,1.0,1.0,0.0,,,,,
class,side-nav-title,,,,,,1.0,1.0,0.0,,,,,
class,side-nav-trigger,,,,,,1.0,13.0,0.0,,,,,
class,side-nav-trigger-icon,,,,,,1.0,8.0,0.0,,,,,
class,small,,,,,,26.0,5.0,0.0,,,,,
class,span-2,,,,,,2.0,2.0,0.0,,,,,
class,span-3,,,,,,0.0,2.0,0.0,,,,,ORPHAN_CSS_CLASS
class,sr-only,,,,,,0.0,1.0,0.0,,,,,ORPHAN_CSS_CLASS
class,sticky-controls,,,,,,1.0,2.0,0.0,,,,,
class,sticky-header,,,,,,1.0,2.0,0.0,,,,,
class,sticky-header-row,,,,,,1.0,2.0,0.0,,,,,
class,sticky-summary,,,,,,1.0,2.0,0.0,,,,,
class,subtle,,,,,,8.0,0.0,0.0,,,,,UNSTYLED_UNREFERENCED_CLASS
class,summary-actions,,,,,,1.0,1.0,0.0,,,,,
class,summary-item,,,,,,3.0,3.0,0.0,,,,,
class,summary-label,,,,,,3.0,1.0,0.0,,,,,
class,summary-progress,,,,,,1.0,1.0,0.0,,,,,
class,summary-progress-bar,,,,,,1.0,1.0,0.0,,,,,
class,summary-progress-fill,,,,,,1.0,1.0,0.0,,,,,
class,summary-progress-text,,,,,,1.0,1.0,0.0,,,,,
class,summary-remaining-text,,,,,,1.0,1.0,0.0,,,,,
class,summary-table,,,,,,1.0,6.0,0.0,,,,,
class,summary-table-wrapper,,,,,,2.0,1.0,0.0,,,,,
class,summary-title,,,,,,0.0,1.0,0.0,,,,,ORPHAN_CSS_CLASS
class,summary-total-selfpay,,,,,,0.0,1.0,0.0,,,,,ORPHAN_CSS_CLASS
class,summary-value,,,,,,2.0,2.0,0.0,,,,,
class,tiny,,,,,,0.0,1.0,0.0,,,,,ORPHAN_CSS_CLASS
class,titlebar,,,,,,36.0,7.0,8.0,,,,,
class,titlebar--mt-md,,,,,,0.0,1.0,0.0,,,,,ORPHAN_CSS_CLASS
class,titlebar--mt-sm,,,,,,2.0,1.0,0.0,,,,,
class,titlebar--mt-xs,,,,,,0.0,1.0,0.0,,,,,ORPHAN_CSS_CLASS
class,titlebar--mt-xxs,,,,,,1.0,1.0,0.0,,,,,
class,toast-actions,,,,,,2.0,2.0,0.0,,,,,
class,toast-message,,,,,,2.0,1.0,0.0,,,,,
class,toast-title,,,,,,1.0,1.0,1.0,,,,,
class,unit,,,,,,2.0,1.0,0.0,,,,,
class,unit-code-field,,,,,,1.0,3.0,0.0,,,,,
class,virtual-checklist,,,,,,0.0,1.0,0.0,,,,,ORPHAN_CSS_CLASS
class,virtual-checklist-item,,,,,,0.0,3.0,0.0,,,,,ORPHAN_CSS_CLASS
class,virtual-checklist-print,,,,,,1.0,3.0,0.0,,,,,
class,virtual-checklist-spacer,,,,,,0.0,1.0,0.0,,,,,ORPHAN_CSS_CLASS
class,virtual-checklist-viewport,,,,,,0.0,1.0,0.0,,,,,ORPHAN_CSS_CLASS
class,virtual-checklist-visible,,,,,,0.0,1.0,0.0,,,,,ORPHAN_CSS_CLASS
class,wizard,,,,,,1.0,3.0,0.0,,,,,
class,wizard-index,,,,,,4.0,5.0,0.0,,,,,
class,wizard-label,,,,,,4.0,4.0,2.0,,,,,
class,wizard-quickjump,,,,,,1.0,6.0,0.0,,,,,
class,wizard-step,,,,,,4.0,17.0,1.0,,,,,
function,normalizeFontScale,,,,,,,,,1.0,3.0,0.0,0.0,
function,normalizeHeadingTag,,,,,,,,,1.0,1.0,0.0,0.0,
function,inferHeadingLevel,,,,,,,,,1.0,1.0,0.0,0.0,
function,assignHeadingEntries,,,,,,,,,1.0,2.0,0.0,0.0,
function,rebuildHeadingIndex,,,,,,,,,1.0,3.0,0.0,0.0,
function,getHeadingNode,,,,,,,,,1.0,7.0,0.0,0.0,
function,getHeadingEntry,,,,,,,,,1.0,2.0,0.0,0.0,
function,forEachHeading,,,,,,,,,1.0,4.0,0.0,0.0,
function,getPageOfHeading,,,,,,,,,1.0,0.0,0.0,0.0,UNUSED_FUNCTION
function,resetHeadingDomRegistry,,,,,,,,,1.0,1.0,0.0,0.0,
function,recordHeadingDom,,,,,,,,,1.0,6.0,0.0,0.0,
function,registerHeadingGroup,,,,,,,,,1.0,3.0,0.0,0.0,
function,resetHeadingGroupRegistry,,,,,,,,,1.0,2.0,0.0,0.0,
function,getHeadingGroup,,,,,,,,,1.0,3.0,0.0,0.0,
function,getSideNavToggleElements,,,,,,,,,1.0,8.0,0.0,0.0,
function,isSideNavOverlayMode,,,,,,,,,1.0,3.0,0.0,0.0,
function,setSideNavExpanded,,,,,,,,,1.0,4.0,0.0,0.0,
function,focusFirstSideNavItem,,,,,,,,,1.0,1.0,0.0,0.0,
function,openSideNav,,,,,,,,,1.0,1.0,0.0,0.0,
function,closeSideNav,,,,,,,,,1.0,5.0,0.0,0.0,
function,syncSideNavToggleAvailability,,,,,,,,,1.0,2.0,0.0,0.0,
function,initSideNavToggle,,,,,,,,,1.0,1.0,0.0,0.0,
function,resolveSectionKey,,,,,,,,,1.0,6.0,0.0,0.0,
function,isSectionCardTitlebar,,,,,,,,,1.0,3.0,0.0,0.0,
function,findFirstCardNode,,,,,,,,,1.0,1.0,0.0,0.0,
function,isHeadingElement,,,,,,,,,1.0,1.0,0.0,0.0,
function,ensureGroupTitlebar,,,,,,,,,1.0,1.0,0.0,0.0,
function,ensureGroupContentWrapper,,,,,,,,,1.0,2.0,0.0,0.0,
function,ensureAllGroupBodies,,,,,,,,,1.0,2.0,0.0,0.0,
function,ensureUniqueIdsWithin,,,,,,,,,1.0,0.0,0.0,0.0,UNUSED_FUNCTION
function,updateIdReferences,,,,,,,,,1.0,1.0,0.0,0.0,
function,escapeCssId,,,,,,,,,1.0,1.0,0.0,0.0,
function,ensurePageSectionSkeleton,,,,,,,,,1.0,1.0,0.0,0.0,
function,cardizePageSections,,,,,,,,,1.0,1.0,0.0,0.0,
function,prepareSectionContainers,,,,,,,,,1.0,1.0,0.0,0.0,
function,enhanceInitialCheckcols,,,,,,,,,1.0,1.0,0.0,0.0,
function,buildInitialDomStructure,,,,,,,,,1.0,1.0,0.0,0.0,
function,createCardFromTitlebar,,,,,,,,,1.0,3.0,0.0,0.0,
function,normalizeLayout,,,,,,,,,1.0,3.0,0.0,0.0,
function,isCardLike,,,,,,,,,1.0,1.0,0.0,0.0,
function,ensureCard,,,,,,,,,1.0,2.0,0.0,0.0,
function,normalizeGrid,,,,,,,,,1.0,1.0,0.0,0.0,
function,normalizeSection,,,,,,,,,1.0,1.0,0.0,0.0,
function,process,,,,,,,,,1.0,10.0,0.0,0.0,
function,promoteFieldHeadings,,,,,,,,,1.0,1.0,0.0,0.0,
function,cleanupEmptyContainers,,,,,,,,,1.0,3.0,0.0,0.0,
function,applyGridUtilities,,,,,,,,,1.0,2.0,0.0,0.0,
function,upgradeLegacyContainers,,,,,,,,,1.0,0.0,0.0,0.0,UNUSED_FUNCTION
function,enforceSection1CardLayout,,,,,,,,,1.0,1.0,0.0,0.0,
function,ensureCardMeta,,,,,,,,,1.0,3.0,0.0,0.0,
function,promoteContainerToCards,,,,,,,,,1.0,2.0,0.0,0.0,
function,ensureGrid,,,,,,,,,1.0,1.0,0.0,0.0,
function,applyHeadingsToDOM,,,,,,,,,1.0,3.0,0.0,0.0,
function,ensureGoalsExtraHeadings,,,,,,,,,1.0,1.0,0.0,0.0,
function,refreshExecutionHeadingRegistry,,,,,,,,,1.0,2.0,0.0,0.0,
function,validateHeadingSchema,,,,,,,,,1.0,2.0,0.0,0.0,
function,logHeadingSchemaReport,,,,,,,,,1.0,2.0,0.0,0.0,
function,getHeadingSchemaToastState,,,,,,,,,1.0,3.0,0.0,0.0,
function,formatHeadingNames,,,,,,,,,1.0,1.0,0.0,0.0,
function,showHeadingSchemaToast,,,,,,,,,1.0,1.0,0.0,0.0,
function,hideHeadingSchemaToast,,,,,,,,,1.0,3.0,0.0,0.0,
function,handleHeadingSchemaValidation,,,,,,,,,1.0,3.0,0.0,0.0,
function,initHeadingSchemaToast,,,,,,,,,1.0,1.0,0.0,0.0,
function,readHeadingSchemaVersion,,,,,,,,,1.0,1.0,0.0,0.0,
function,persistHeadingSchemaVersion,,,,,,,,,1.0,2.0,0.0,0.0,
function,applyHeadingSchemaVersionUpgrade,,,,,,,,,1.0,0.0,0.0,0.0,UNUSED_FUNCTION
function,registerDevDiagnostics,,,,,,,,,1.0,1.0,0.0,0.0,
function,priorityValue,,,,,,,,,1.0,2.0,0.0,0.0,
function,getNow,,,,,,,,,1.0,6.0,0.0,0.0,
function,enqueue,,,,,,,,,1.0,3.0,0.0,0.0,
function,drainStage,,,,,,,,,1.0,3.0,0.0,0.0,
function,hasPendingJobs,,,,,,,,,1.0,2.0,0.0,0.0,
function,notifyObservers,,,,,,,,,1.0,1.0,0.0,0.0,
function,frame,,,,,,,,,1.0,2.0,0.0,0.0,
function,requestFrame,,,,,,,,,1.0,2.0,0.0,0.0,
function,addObserver,,,,,,,,,1.0,0.0,0.0,0.0,UNUSED_FUNCTION
function,removeObserver,,,,,,,,,1.0,1.0,0.0,0.0,
function,flush,,,,,,,,,1.0,0.0,0.0,0.0,UNUSED_FUNCTION
function,ensureMeasureJob,,,,,,,,,1.0,1.0,0.0,0.0,
function,ensureRenderJob,,,,,,,,,1.0,4.0,0.0,0.0,
function,runMeasure,,,,,,,,,1.0,0.0,0.0,0.0,UNUSED_FUNCTION
function,runRender,,,,,,,,,1.0,0.0,0.0,0.0,UNUSED_FUNCTION
function,requestLayout,,,,,,,,,1.0,1.0,0.0,0.0,
function,requestSummary,,,,,,,,,1.0,1.0,0.0,0.0,
function,requestSummaryProgress,,,,,,,,,1.0,1.0,0.0,0.0,
function,requestSideNav,,,,,,,,,1.0,1.0,0.0,0.0,
function,getUiAuditState,,,,,,,,,1.0,10.0,0.0,0.0,
function,reportUiAudit,,,,,,,,,1.0,1.0,0.0,0.0,
function,getPageLabel,,,,,,,,,1.0,0.0,0.0,0.0,UNUSED_FUNCTION
function,getSafeLocalStorage,,,,,,,,,1.0,5.0,0.0,0.0,
function,readAutoSaveDraft,,,,,,,,,1.0,1.0,0.0,0.0,
function,writeAutoSaveDraft,,,,,,,,,1.0,1.0,0.0,0.0,
function,clearAutoSaveDraft,,,,,,,,,1.0,1.0,0.0,0.0,
function,readExtrasRows,,,,,,,,,1.0,1.0,0.0,0.0,
function,readCoCareRows,,,,,,,,,1.0,1.0,0.0,0.0,
function,collectActionDraft,,,,,,,,,1.0,1.0,0.0,0.0,
function,collectDraftSnapshot,,,,,,,,,1.0,1.0,0.0,0.0,
function,applyFieldEntry,,,,,,,,,1.0,1.0,0.0,0.0,
function,applyDraftFields,,,,,,,,,1.0,1.0,0.0,0.0,
function,restoreProblemSelection,,,,,,,,,1.0,1.0,0.0,0.0,
function,getServiceCardConfig,,,,,,,,,1.0,1.0,0.0,0.0,
function,restoreServicePlan,,,,,,,,,1.0,1.0,0.0,0.0,
function,applyDraftSnapshot,,,,,,,,,1.0,1.0,0.0,0.0,
function,scheduleAutoSave,,,,,,,,,1.0,6.0,0.0,0.0,
function,performAutoSave,,,,,,,,,1.0,1.0,0.0,0.0,
function,restoreAutoSaveDraft,,,,,,,,,1.0,1.0,0.0,0.0,
function,handleDraftChangeEvent,,,,,,,,,1.0,0.0,0.0,1.0,
function,initAutoSave,,,,,,,,,1.0,1.0,0.0,0.0,
function,schedulePlanStateSync,,,,,,,,,1.0,1.0,0.0,0.0,
function,runPlanStateSyncJob,,,,,,,,,1.0,0.0,0.0,0.0,UNUSED_FUNCTION
function,measureFloatingActionsMetrics,,,,,,,,,1.0,1.0,0.0,0.0,
function,renderFloatingActionsMetrics,,,,,,,,,1.0,1.0,0.0,0.0,
function,measureStickyLayout,,,,,,,,,1.0,1.0,0.0,0.0,
function,renderStickyLayout,,,,,,,,,1.0,1.0,0.0,0.0,
function,updateVerticalDensityMode,,,,,,,,,1.0,1.0,0.0,0.0,
function,scheduleAllMeasurements,,,,,,,,,1.0,21.0,0.0,1.0,
function,getSummaryElements,,,,,,,,,1.0,1.0,0.0,0.0,
function,getGlobalProgressState,,,,,,,,,1.0,1.0,0.0,0.0,
function,pad2,,,,,,,,,1.0,2.0,0.0,0.0,
function,refreshStickySummary,,,,,,,,,1.0,1.0,0.0,0.0,
function,scheduleSummaryUpdate,,,,,,,,,1.0,14.0,0.0,1.0,
function,scheduleSummaryProgressRender,,,,,,,,,1.0,1.0,0.0,0.0,
function,getSideNavElements,,,,,,,,,1.0,3.0,0.0,0.0,
function,determineProgressStatus,,,,,,,,,1.0,5.0,0.0,0.0,
function,formatProgressDisplay,,,,,,,,,1.0,1.0,0.0,0.0,
function,formatSideNavCount,,,,,,,,,1.0,2.0,0.0,0.0,
function,scrollToAnchorId,,,,,,,,,1.0,6.0,0.0,0.0,
function,focusSectionGroupByElement,,,,,,,,,1.0,5.0,0.0,0.0,
function,handleSideNavClick,,,,,,,,,1.0,0.0,0.0,1.0,
function,renderSideNav,,,,,,,,,1.0,1.0,0.0,0.0,
function,getWizardJumpSelect,,,,,,,,,1.0,3.0,0.0,0.0,
function,refreshWizardJumpOptions,,,,,,,,,1.0,1.0,0.0,0.0,
function,handleWizardJumpChange,,,,,,,,,1.0,0.0,0.0,1.0,
function,scheduleSideNavRender,,,,,,,,,1.0,10.0,0.0,0.0,
function,registerSideNavGroups,,,,,,,,,1.0,1.0,0.0,0.0,
function,updateSideNavForSection,,,,,,,,,1.0,5.0,0.0,0.0,
function,findCheckcolLegendSource,,,,,,,,,1.0,1.0,0.0,0.0,
function,deriveCheckcolLegend,,,,,,,,,1.0,1.0,0.0,0.0,
function,ensureCheckcolFieldset,,,,,,,,,1.0,2.0,0.0,0.0,
function,getCheckcolLabelValue,,,,,,,,,1.0,2.0,0.0,0.0,
function,applyCheckcolPriority,,,,,,,,,1.0,2.0,0.0,0.0,
function,updateCheckcolEnhancements,,,,,,,,,1.0,4.0,0.0,0.0,
function,updateSectionSelectionSummary,,,,,,,,,1.0,0.0,0.0,0.0,UNUSED_FUNCTION
function,enhanceCheckcol,,,,,,,,,1.0,1.0,0.0,0.0,
function,refreshCheckcol,,,,,,,,,1.0,16.0,0.0,0.0,
function,refreshCheckcols,,,,,,,,,1.0,3.0,0.0,0.0,
function,isCoarsePointer,,,,,,,,,1.0,1.0,0.0,0.0,
function,isMobileViewport,,,,,,,,,1.0,1.0,0.0,0.0,
function,shouldUseMobileDefaults,,,,,,,,,1.0,3.0,0.0,0.0,
function,ensureElementId,,,,,,,,,1.0,4.0,0.0,0.0,
function,updateFontScaleButtons,,,,,,,,,1.0,2.0,0.0,0.0,
function,applyFontScale,,,,,,,,,1.0,4.0,0.0,0.0,
function,setSectionHideFilled,,,,,,,,,1.0,0.0,0.0,0.0,UNUSED_FUNCTION
function,setSectionShowAdvanced,,,,,,,,,1.0,0.0,0.0,0.0,UNUSED_FUNCTION
function,setSectionCollapseStrategy,,,,,,,,,1.0,0.0,0.0,0.0,UNUSED_FUNCTION
function,applyInitialUiPreferences,,,,,,,,,1.0,1.0,0.0,0.0,
function,initFontScaleControls,,,,,,,,,1.0,1.0,0.0,0.0,
function,toYMD,,,,,,,,,1.0,1.0,0.0,0.0,
function,parseDateInput,,,,,,,,,1.0,2.0,0.0,0.0,
function,setDateBox,,,,,,,,,1.0,4.0,0.0,0.0,
function,getDateBox,,,,,,,,,1.0,8.0,0.0,0.0,
function,shiftDate,,,,,,,,,1.0,1.0,0.0,0.0,
function,attachDateInputEvents,,,,,,,,,1.0,0.0,0.0,0.0,UNUSED_FUNCTION
function,initDateInputs,,,,,,,,,1.0,1.0,0.0,0.0,
function,toggleDischarge,,,,,,,,,1.0,1.0,1.0,0.0,
function,updateConsultVisitText,,,,,,,,,1.0,4.0,0.0,1.0,
function,toggleCallDateByConsultVisit,,,,,,,,,1.0,3.0,1.0,0.0,
function,escapeHtml,,,,,,,,,1.0,18.0,0.0,0.0,
function,renderOutputMessage,,,,,,,,,1.0,1.0,0.0,0.0,
function,openProducedFile,,,,,,,,,1.0,2.0,1.0,0.0,
function,nl2br,,,,,,,,,1.0,3.0,0.0,0.0,
function,getSectionDefaultState,,,,,,,,,1.0,1.0,0.0,0.0,
function,readSectionState,,,,,,,,,1.0,9.0,0.0,0.0,
function,writeSectionState,,,,,,,,,1.0,10.0,0.0,0.0,
function,isOptionalText,,,,,,,,,1.0,2.0,0.0,0.0,
function,isInlineHidden,,,,,,,,,1.0,1.0,0.0,0.0,
function,determineGroupLevel,,,,,,,,,1.0,3.0,0.0,0.0,
function,extractGroupTitleFromNode,,,,,,,,,1.0,2.0,0.0,0.0,
function,updateGroupTitle,,,,,,,,,1.0,1.0,0.0,0.0,
function,buildSectionGroups,,,,,,,,,1.0,2.0,0.0,0.0,
function,isContainerVisible,,,,,,,,,1.0,1.0,0.0,0.0,
function,updateGroupEmptyState,,,,,,,,,1.0,1.0,0.0,0.0,
function,updateAllGroupEmptyStates,,,,,,,,,1.0,11.0,0.0,0.0,
function,setGroupCollapsed,,,,,,,,,1.0,6.0,0.0,0.0,
function,isFieldEligible,,,,,,,,,1.0,1.0,0.0,0.0,
function,getContainerForField,,,,,,,,,1.0,1.0,0.0,0.0,
function,determineFillMode,,,,,,,,,1.0,1.0,0.0,0.0,
function,detectContainerBaseRequired,,,,,,,,,1.0,1.0,0.0,0.0,
function,prepareFieldContainers,,,,,,,,,1.0,2.0,0.0,0.0,
function,evaluateContainerRequirement,,,,,,,,,1.0,4.0,0.0,0.0,
function,isFieldValueFilled,,,,,,,,,1.0,2.0,0.0,0.0,
function,updateContainerFilled,,,,,,,,,1.0,4.0,0.0,0.0,
function,bindFieldListeners,,,,,,,,,1.0,1.0,0.0,0.0,
function,updateSectionProgress,,,,,,,,,1.0,6.0,0.0,0.0,
function,createSectionProgress,,,,,,,,,1.0,1.0,0.0,0.0,
function,updateToggleButtons,,,,,,,,,1.0,10.0,0.0,0.0,
function,updateSectionAdvancedCount,,,,,,,,,1.0,1.0,0.0,0.0,
function,ensureSectionSelectionBadge,,,,,,,,,1.0,2.0,0.0,0.0,
function,createSectionControls,,,,,,,,,1.0,1.0,0.0,0.0,
function,applyMobileSectionDefaults,,,,,,,,,1.0,1.0,0.0,0.0,
function,applyGoalInitialDefaults,,,,,,,,,1.0,1.0,0.0,0.0,
function,applySectionState,,,,,,,,,1.0,3.0,0.0,0.0,
function,setupSection,,,,,,,,,1.0,1.0,0.0,0.0,
function,initSectionViews,,,,,,,,,1.0,1.0,0.0,0.0,
function,loadManagers,,,,,,,,,1.0,1.0,1.0,0.0,
function,loadConsultants,,,,,,,,,1.0,1.0,1.0,0.0,
function,roleOptionsHTML,,,,,,,,,1.0,2.0,0.0,0.0,
function,addExtraRow,,,,,,,,,1.0,2.0,1.0,0.0,
function,toggleCustomRole,,,,,,,,,1.0,2.0,1.0,0.0,
function,removeExtraRow,,,,,,,,,1.0,1.0,1.0,0.0,
function,resetExtras,,,,,,,,,1.0,1.0,0.0,0.0,
function,restoreExtras,,,,,,,,,1.0,1.0,0.0,0.0,
function,enforcePrimaryExclusionOnSelect,,,,,,,,,1.0,1.0,0.0,0.0,
function,enforcePrimaryExclusionOnExtras,,,,,,,,,1.0,2.0,1.0,0.0,
function,computeParticipantConflicts,,,,,,,,,1.0,1.0,0.0,0.0,
function,updateParticipantConflictHint,,,,,,,,,1.0,8.0,0.0,0.0,
function,validateParticipantConflicts,,,,,,,,,1.0,1.0,0.0,0.0,
function,collectExtras,,,,,,,,,1.0,2.0,0.0,0.0,
function,renderS1,,,,,,,,,1.0,1.0,0.0,0.0,
function,setupLesionSymptomsBox,,,,,,,,,1.0,1.0,0.0,0.0,
function,toggleVisionNotes,,,,,,,,,1.0,2.0,1.0,0.0,
function,onVisionNoteChange,,,,,,,,,1.0,1.0,1.0,0.0,
function,toggleVisionOther,,,,,,,,,1.0,2.0,0.0,0.0,
function,toggleGlassesAdherence,,,,,,,,,1.0,3.0,0.0,0.0,
function,updateVisionAutoHint,,,,,,,,,1.0,2.0,0.0,0.0,
function,resetVisionSuggestions,,,,,,,,,1.0,0.0,1.0,0.0,
function,renderHearingDetails,,,,,,,,,1.0,1.0,1.0,0.0,
function,toggleHearingDeviceAdherence,,,,,,,,,1.0,3.0,1.0,0.0,
function,togglePainCombined,,,,,,,,,1.0,1.0,1.0,0.0,
function,resetLocationState,,,,,,,,,1.0,0.0,0.0,0.0,UNUSED_FUNCTION
function,getLocationSubregionText,,,,,,,,,1.0,3.0,0.0,0.0,
function,needsLaterality,,,,,,,,,1.0,1.0,0.0,0.0,
function,populateSubregionOptions,,,,,,,,,1.0,1.0,0.0,0.0,
function,saveLocationFromUI,,,,,,,,,1.0,2.0,0.0,0.0,
function,isLocationStateEmpty,,,,,,,,,1.0,3.0,0.0,0.0,
function,applyLocationStateToUI,,,,,,,,,1.0,6.0,0.0,0.0,
function,updateLocationToolbar,,,,,,,,,1.0,6.0,0.0,0.0,
function,copyLocationFromOther,,,,,,,,,1.0,0.0,1.0,0.0,
function,switchLocationContext,,,,,,,,,1.0,13.0,1.0,0.0,
function,updateLocationVisibility,,,,,,,,,1.0,3.0,0.0,0.0,
function,onSharedRegionChange,,,,,,,,,1.0,0.0,1.0,0.0,
function,onSharedSubregionChange,,,,,,,,,1.0,0.0,1.0,0.0,
function,onSharedSubregionOtherInput,,,,,,,,,1.0,0.0,1.0,0.0,
function,onSharedLateralityChange,,,,,,,,,1.0,0.0,1.0,0.0,
function,getLocationData,,,,,,,,,1.0,4.0,0.0,0.0,
function,toggleLesionCombined,,,,,,,,,1.0,1.0,1.0,0.0,
function,toggleLesionLayerOther,,,,,,,,,1.0,1.0,1.0,0.0,
function,toggleLesionHospital,,,,,,,,,1.0,2.0,1.0,0.0,
function,toggleSwallow,,,,,,,,,1.0,1.0,1.0,0.0,
function,toggleFallDetail,,,,,,,,,1.0,1.0,1.0,0.0,
function,toggleSittingSupports,,,,,,,,,1.0,1.0,1.0,0.0,
function,togglePhoneNotes,,,,,,,,,1.0,1.0,1.0,0.0,
function,togglePhoneNoteOther,,,,,,,,,1.0,2.0,1.0,0.0,
function,hasNightCatheterSelection,,,,,,,,,1.0,2.0,0.0,0.0,
function,updateNocturiaCountVisibility,,,,,,,,,1.0,2.0,0.0,0.0,
function,updateExcretionAidEffects,,,,,,,,,1.0,2.0,1.0,0.0,
function,toggleAdlHow,,,,,,,,,1.0,9.0,1.0,0.0,
function,createActionSourceSelect,,,,,,,,,1.0,1.0,0.0,0.0,
function,updateActionRemoveButtons,,,,,,,,,1.0,4.0,0.0,0.0,
function,updateActionHint,,,,,,,,,1.0,6.0,0.0,0.0,
function,addActionEntry,,,,,,,,,1.0,4.0,1.0,0.0,
function,removeActionEntry,,,,,,,,,1.0,1.0,0.0,0.0,
function,restoreActionEntries,,,,,,,,,1.0,1.0,0.0,0.0,
function,readActionEntries,,,,,,,,,1.0,4.0,0.0,0.0,
function,collectActionEntries,,,,,,,,,1.0,1.0,0.0,0.0,
function,initActionEntries,,,,,,,,,1.0,1.0,0.0,0.0,
function,syncNoDiscomfort,,,,,,,,,1.0,3.0,1.0,0.0,
function,updateLesionModeControls,,,,,,,,,1.0,1.0,0.0,0.0,
function,setLesionSymptomMode,,,,,,,,,1.0,3.0,1.0,0.0,
function,getLesionSizeState,,,,,,,,,1.0,3.0,0.0,0.0,
function,updateLesionAreaDisplay,,,,,,,,,1.0,2.0,1.0,0.0,
function,buildLesionSizeText,,,,,,,,,1.0,1.0,0.0,0.0,
function,toggleTransportOther,,,,,,,,,1.0,1.0,1.0,0.0,
function,toggleUrineOther,,,,,,,,,1.0,3.0,1.0,0.0,
function,toggleDhxOther,,,,,,,,,1.0,2.0,1.0,0.0,
function,toggleMedOther,,,,,,,,,1.0,2.0,1.0,0.0,
function,toggleShoppingHow,,,,,,,,,1.0,1.0,1.0,0.0,
function,toggleDishwashHow,,,,,,,,,1.0,1.0,1.0,0.0,
function,toggleSleepReason,,,,,,,,,1.0,1.0,1.0,0.0,
function,toggleSleepReasonDetail,,,,,,,,,1.0,1.0,1.0,0.0,
function,syncDisab,,,,,,,,,1.0,1.0,1.0,0.0,
function,collectChecks,,,,,,,,,1.0,17.0,0.0,0.0,
function,collectHearingDetails,,,,,,,,,1.0,2.0,0.0,0.0,
function,resetSection1Validation,,,,,,,,,1.0,1.0,0.0,0.0,
function,updateSection1ErrorSummary,,,,,,,,,1.0,4.0,0.0,0.0,
function,markSection1Invalid,,,,,,,,,1.0,20.0,0.0,0.0,
function,setFieldError,,,,,,,,,1.0,4.0,0.0,0.0,
function,collectS1,,,,,,,,,1.0,3.0,0.0,0.0,
function,validateSection1,,,,,,,,,1.0,2.0,0.0,0.0,
function,encodePreviewText,,,,,,,,,1.0,6.0,0.0,0.0,
function,diffStrings,,,,,,,,,1.0,1.0,0.0,0.0,
function,buildPreviewDiff,,,,,,,,,1.0,1.0,0.0,0.0,
function,renderSection1Preview,,,,,,,,,1.0,4.0,0.0,0.0,
function,setSection1DiffMode,,,,,,,,,1.0,0.0,0.0,0.0,UNUSED_FUNCTION
function,updateSection1PreviewDiffMode,,,,,,,,,1.0,5.0,0.0,0.0,
function,toggleSection1DiffMode,,,,,,,,,1.0,1.0,0.0,0.0,
function,readSection1Previous,,,,,,,,,1.0,3.0,0.0,0.0,
function,persistSection1Previous,,,,,,,,,1.0,1.0,0.0,0.0,
function,initSection1Preview,,,,,,,,,1.0,1.0,0.0,0.0,
function,resetSection1RuleEffects,,,,,,,,,1.0,1.0,0.0,0.0,
function,hideRuleField,,,,,,,,,1.0,2.0,0.0,0.0,
function,cssEscapeValue,,,,,,,,,1.0,1.0,0.0,0.0,
function,clearRuleField,,,,,,,,,1.0,1.0,0.0,0.0,
function,applyRuleFix,,,,,,,,,1.0,1.0,0.0,0.0,
function,markRuleInvalid,,,,,,,,,1.0,2.0,0.0,0.0,
function,getRuleFieldValue,,,,,,,,,1.0,1.0,0.0,0.0,
function,evaluateRuleCondition,,,,,,,,,1.0,1.0,0.0,0.0,
function,applyRuleAction,,,,,,,,,1.0,1.0,0.0,0.0,
function,renderSection1RuleMessages,,,,,,,,,1.0,2.0,0.0,0.0,
function,handleRuleErrorClick,,,,,,,,,1.0,0.0,0.0,1.0,
function,showRuleWarningToast,,,,,,,,,1.0,1.0,0.0,0.0,
function,clearRuleWarningToast,,,,,,,,,1.0,2.0,0.0,0.0,
function,applyRules,,,,,,,,,1.0,2.0,0.0,0.0,
function,runSection1Rules,,,,,,,,,1.0,2.0,0.0,0.0,
function,initFormRules,,,,,,,,,1.0,1.0,0.0,0.0,
function,jumpToField,,,,,,,,,1.0,1.0,0.0,0.0,
function,buildSection1Text_v2,,,,,,,,,1.0,1.0,0.0,0.0,
function,formatLocation,,,,,,,,,1.0,2.0,0.0,0.0,
function,formatUrination,,,,,,,,,1.0,2.0,0.0,0.0,
function,formatFallHistory,,,,,,,,,1.0,1.0,0.0,0.0,
function,formatExcretionAids,,,,,,,,,1.0,1.0,0.0,0.0,
function,formatDeviceUsage,,,,,,,,,1.0,1.0,0.0,0.0,
function,formatPhoneUsage,,,,,,,,,1.0,1.0,0.0,0.0,
function,phraseAwareness,,,,,,,,,1.0,1.0,0.0,0.0,
function,phraseCognition,,,,,,,,,1.0,1.0,0.0,0.0,
function,phraseVision,,,,,,,,,1.0,1.0,0.0,0.0,
function,formatActions,,,,,,,,,1.0,1.0,0.0,0.0,
function,buildSection1,,,,,,,,,1.0,6.0,0.0,1.0,
function,renderS2,,,,,,,,,1.0,1.0,0.0,0.0,
function,toggleDisCategory,,,,,,,,,1.0,1.0,0.0,0.0,
function,buildS2,,,,,,,,,1.0,4.0,1.0,0.0,
function,renderS3,,,,,,,,,1.0,1.0,0.0,0.0,
function,toggleOtherType,,,,,,,,,1.0,1.0,1.0,0.0,
function,toggleRentFields,,,,,,,,,1.0,1.0,1.0,0.0,
function,buildS3,,,,,,,,,1.0,6.0,1.0,0.0,
function,renderFormal,,,,,,,,,1.0,1.0,0.0,0.0,
function,setServiceCardSelected,,,,,,,,,1.0,8.0,0.0,0.0,
function,handleServiceCardToggle,,,,,,,,,1.0,3.0,0.0,0.0,
function,createServiceCard,,,,,,,,,1.0,6.0,0.0,0.0,
function,renderHomeCareServices,,,,,,,,,1.0,1.0,0.0,0.0,
function,renderDayCareServices,,,,,,,,,1.0,1.0,0.0,0.0,
function,ensureSingleDayCareSelection,,,,,,,,,1.0,1.0,0.0,0.0,
function,refreshDayCareAvailability,,,,,,,,,1.0,2.0,0.0,0.0,
function,renderProfessionalServices,,,,,,,,,1.0,1.0,0.0,0.0,
function,renderTransportServices,,,,,,,,,1.0,1.0,0.0,0.0,
function,renderRespiteServices,,,,,,,,,1.0,1.0,0.0,0.0,
function,renderMealServices,,,,,,,,,1.0,1.0,0.0,0.0,
function,determineServiceCategory,,,,,,,,,1.0,7.0,0.0,0.0,
function,getPlanCategoryGroupId,,,,,,,,,1.0,3.0,0.0,0.0,
function,lookupServiceItem,,,,,,,,,1.0,2.0,0.0,0.0,
function,isBaCode,,,,,,,,,1.0,10.0,0.0,0.0,
function,requiresBaManualUnits,,,,,,,,,1.0,3.0,0.0,0.0,
function,ensurePlanEntry,,,,,,,,,1.0,3.0,0.0,0.0,
function,renderMismatchReasonOptions,,,,,,,,,1.0,1.0,0.0,0.0,
function,getSelectedMismatchReasons,,,,,,,,,1.0,3.0,0.0,0.0,
function,mapEntryToMismatchCategory,,,,,,,,,1.0,1.0,0.0,0.0,
function,computeMismatchDifferences,,,,,,,,,1.0,1.0,0.0,0.0,
function,setMismatchError,,,,,,,,,1.0,7.0,0.0,0.0,
function,updateMismatchReasonOtherVisibility,,,,,,,,,1.0,3.0,0.0,0.0,
function,validateMismatchReasons,,,,,,,,,1.0,2.0,0.0,0.0,
function,updateMismatchReasons,,,,,,,,,1.0,4.0,0.0,0.0,
function,onMismatchReasonChange,,,,,,,,,1.0,0.0,0.0,1.0,
function,initMismatchReasonControls,,,,,,,,,1.0,1.0,0.0,0.0,
function,getMismatchReasonSummary,,,,,,,,,1.0,1.0,0.0,0.0,
function,removePlanEntry,,,,,,,,,1.0,0.0,0.0,0.0,UNUSED_FUNCTION
function,getAllSelectedServiceCodes,,,,,,,,,1.0,1.0,0.0,0.0,
function,syncPlanStateWithSelections,,,,,,,,,1.0,12.0,0.0,0.0,
function,isFiniteNumber,,,,,,,,,1.0,41.0,0.0,0.0,
function,formatAutoInteger,,,,,,,,,1.0,32.0,0.0,0.0,
function,formatAutoDecimal,,,,,,,,,1.0,4.0,0.0,0.0,
function,toCurrencyInt,,,,,,,,,1.0,28.0,0.0,0.0,
function,computeFinancials,,,,,,,,,1.0,2.0,0.0,0.0,
function,getHouseholdStatus,,,,,,,,,1.0,1.0,0.0,0.0,
function,getCopayRate,,,,,,,,,1.0,2.0,0.0,0.0,
function,getBcCopayRate,,,,,,,,,1.0,2.0,0.0,0.0,
function,getTransportCategory,,,,,,,,,1.0,1.0,0.0,0.0,
function,getTransportCopayRate,,,,,,,,,1.0,0.0,0.0,0.0,UNUSED_FUNCTION
function,getLevelDetails,,,,,,,,,1.0,2.0,0.0,0.0,
function,getGAnnualCap,,,,,,,,,1.0,0.0,0.0,0.0,UNUSED_FUNCTION
function,getEfThreeYearCap,,,,,,,,,1.0,0.0,0.0,0.0,UNUSED_FUNCTION
function,hasForeignCareFlag,,,,,,,,,1.0,2.0,0.0,0.0,
function,getCmsMonthlyCap,,,,,,,,,1.0,2.0,0.0,0.0,
function,getServiceRate,,,,,,,,,1.0,4.0,0.0,0.0,
function,applyAutoUsage,,,,,,,,,1.0,3.0,0.0,0.0,
function,clearAutoPlan,,,,,,,,,1.0,4.0,0.0,0.0,
function,updateEntryAutoValues,,,,,,,,,1.0,2.0,0.0,0.0,
function,buildAutoSummaryText,,,,,,,,,1.0,2.0,0.0,0.0,
function,applyAutomaticPlanning,,,,,,,,,1.0,2.0,0.0,0.0,
function,updateDayCareAutoPlan,,,,,,,,,1.0,1.0,0.0,0.0,
function,allocateAmount,,,,,,,,,1.0,3.0,0.0,0.0,
function,createPlanInput,,,,,,,,,1.0,43.0,0.0,0.0,
function,onPlanFieldChange,,,,,,,,,1.0,0.0,0.0,0.0,UNUSED_FUNCTION
function,getPlanFieldElement,,,,,,,,,1.0,5.0,0.0,0.0,
function,parsePlanNumber,,,,,,,,,1.0,14.0,0.0,0.0,
function,formatPlanNumber,,,,,,,,,1.0,20.0,0.0,0.0,
function,getBaDefaultUnitsPerVisit,,,,,,,,,1.0,2.0,0.0,0.0,
function,getBaPerVisitUnits,,,,,,,,,1.0,2.0,0.0,0.0,
function,buildBaWeeklyText,,,,,,,,,1.0,4.0,0.0,0.0,
function,updateBaFrequencyDisplay,,,,,,,,,1.0,1.0,0.0,0.0,
function,updateBaEntryDerived,,,,,,,,,1.0,5.0,0.0,0.0,
function,updatePlanMonthlyComputation,,,,,,,,,1.0,4.0,0.0,0.0,
function,setMonthlyUnitsValue,,,,,,,,,1.0,2.0,0.0,0.0,
function,adjustMonthlyUnits,,,,,,,,,1.0,1.0,0.0,0.0,
function,updatePlanVendorVisibility,,,,,,,,,1.0,2.0,0.0,0.0,
function,planCategoryLabel,,,,,,,,,1.0,1.0,0.0,0.0,
function,formatSummaryVendorName,,,,,,,,,1.0,0.0,0.0,0.0,UNUSED_FUNCTION
function,formatSummaryAmount,,,,,,,,,1.0,1.0,0.0,0.0,
function,formatSummaryUsage,,,,,,,,,1.0,1.0,0.0,0.0,
function,computeEntrySelfPay,,,,,,,,,1.0,1.0,0.0,0.0,
function,formatSummarySelfPay,,,,,,,,,1.0,1.0,0.0,0.0,
function,getEntryMonthlyUnits,,,,,,,,,1.0,1.0,0.0,0.0,
function,getEntryUsagePoints,,,,,,,,,1.0,1.0,0.0,0.0,
function,calculatePlanPointTotals,,,,,,,,,1.0,1.0,0.0,0.0,
function,formatPointValue,,,,,,,,,1.0,7.0,0.0,0.0,
function,updatePlanSummaryTotals,,,,,,,,,1.0,1.0,0.0,0.0,
function,aggregatePlanSummaryRows,,,,,,,,,1.0,1.0,0.0,0.0,
function,collectPlanSummaryGroups,,,,,,,,,1.0,1.0,0.0,0.0,
function,sanitizeSummaryCell,,,,,,,,,1.0,3.0,0.0,0.0,
function,updateCopyButtonState,,,,,,,,,1.0,2.0,0.0,0.0,
function,showCopyFeedback,,,,,,,,,1.0,2.0,0.0,0.0,
function,setPlanSummaryClipboard,,,,,,,,,1.0,3.0,0.0,0.0,
function,setPlanSummaryPlainText,,,,,,,,,1.0,3.0,0.0,0.0,
function,writeClipboardText,,,,,,,,,1.0,1.0,0.0,0.0,
function,handleCopyButtonClick,,,,,,,,,1.0,2.0,0.0,0.0,
function,handlePlanSummaryCopyClick,,,,,,,,,1.0,0.0,0.0,1.0,
function,handlePlanSummaryPlainCopyClick,,,,,,,,,1.0,0.0,0.0,1.0,
function,buildPlanSummaryPreview,,,,,,,,,1.0,5.0,0.0,0.0,
function,initPlanSummaryCopy,,,,,,,,,1.0,1.0,0.0,0.0,
function,buildConsentParties,,,,,,,,,1.0,2.0,0.0,0.0,
function,formatConsentParty,,,,,,,,,1.0,1.0,0.0,0.0,
function,buildConsentDisplay,,,,,,,,,1.0,1.0,0.0,0.0,
function,renderServicePlanEditor,,,,,,,,,1.0,3.0,0.0,0.0,
function,updateSelfPayHint,,,,,,,,,1.0,4.0,0.0,0.0,
function,updateAllSelfPayHints,,,,,,,,,1.0,0.0,0.0,0.0,UNUSED_FUNCTION
function,appendAutoSummaryField,,,,,,,,,1.0,4.0,0.0,0.0,
function,appendSelfPayField,,,,,,,,,1.0,1.0,0.0,0.0,
function,getPlanEntriesByCategory,,,,,,,,,1.0,7.0,0.0,0.0,
function,formatPlanEntryB,,,,,,,,,1.0,1.0,0.0,0.0,
function,formatPlanEntryC,,,,,,,,,1.0,1.0,0.0,0.0,
function,formatPlanEntryD,,,,,,,,,1.0,1.0,0.0,0.0,
function,gatherPlanReferrals,,,,,,,,,1.0,1.0,0.0,0.0,
function,getSelectedProblemTexts,,,,,,,,,1.0,1.0,0.0,0.0,
function,formatCaseDisplay,,,,,,,,,1.0,2.0,0.0,0.0,
function,formatSummaryDate,,,,,,,,,1.0,3.0,0.0,0.0,
function,buildExportSummaryLines,,,,,,,,,1.0,1.0,0.0,0.0,
function,buildApprovalPlanPreview,,,,,,,,,1.0,25.0,0.0,1.0,
function,serializeServicePlan,,,,,,,,,1.0,2.0,0.0,0.0,
function,initPlanMetaFields,,,,,,,,,1.0,1.0,0.0,0.0,
function,setCmsLevel,,,,,,,,,1.0,2.0,0.0,0.0,
function,getCmsLevel,,,,,,,,,1.0,8.0,0.0,0.0,
function,initCmsLevelButtons,,,,,,,,,1.0,1.0,0.0,0.0,
function,loadServiceCatalog,,,,,,,,,1.0,1.0,0.0,0.0,
function,onHomeCareToggle,,,,,,,,,1.0,1.0,0.0,0.0,
function,onHomeCareQuantityChange,,,,,,,,,1.0,1.0,0.0,0.0,
function,onDayCareToggle,,,,,,,,,1.0,3.0,0.0,0.0,
function,applyAutoText,,,,,,,,,1.0,11.0,0.0,0.0,
function,bindAutoGoalField,,,,,,,,,1.0,2.0,0.0,0.0,
function,resetGoalAutoState,,,,,,,,,1.0,5.0,0.0,0.0,
function,resetCareServicePhrases,,,,,,,,,1.0,0.0,1.0,0.0,
function,resetProfessionalPhrases,,,,,,,,,1.0,0.0,1.0,0.0,
function,resetTransportPhrases,,,,,,,,,1.0,0.0,1.0,0.0,
function,resetRespitePhrases,,,,,,,,,1.0,0.0,1.0,0.0,
function,resetMealPhrases,,,,,,,,,1.0,0.0,1.0,0.0,
function,getSelectedHomeCareEntries,,,,,,,,,1.0,2.0,0.0,0.0,
function,getSelectedDayCareEntries,,,,,,,,,1.0,2.0,0.0,0.0,
function,onProfessionalToggle,,,,,,,,,1.0,1.0,0.0,0.0,
function,onTransportToggle,,,,,,,,,1.0,1.0,0.0,0.0,
function,onRespiteToggle,,,,,,,,,1.0,1.0,0.0,0.0,
function,onMealToggle,,,,,,,,,1.0,1.0,0.0,0.0,
function,getSelectedProfessionalEntries,,,,,,,,,1.0,2.0,0.0,0.0,
function,getSelectedTransportEntries,,,,,,,,,1.0,2.0,0.0,0.0,
function,getSelectedRespiteEntries,,,,,,,,,1.0,2.0,0.0,0.0,
function,getSelectedMealEntries,,,,,,,,,1.0,2.0,0.0,0.0,
function,getSelectedHomeCareCodes,,,,,,,,,1.0,0.0,0.0,0.0,UNUSED_FUNCTION
function,isHomeCareSelected,,,,,,,,,1.0,1.0,0.0,0.0,
function,isDayCareSelected,,,,,,,,,1.0,1.0,0.0,0.0,
function,getSelectedCareEntries,,,,,,,,,1.0,2.0,0.0,0.0,
function,updateCareServicePhrases,,,,,,,,,1.0,7.0,0.0,0.0,
function,updateProfessionalServicePhrases,,,,,,,,,1.0,5.0,0.0,0.0,
function,updateTransportServicePhrases,,,,,,,,,1.0,5.0,0.0,0.0,
function,updateRespiteServicePhrases,,,,,,,,,1.0,5.0,0.0,0.0,
function,updateMealServicePhrases,,,,,,,,,1.0,5.0,0.0,0.0,
function,toggleInfInput,,,,,,,,,1.0,0.0,1.0,0.0,
function,bindInfNameToFreq,,,,,,,,,1.0,4.0,0.0,0.0,
function,toggleGoalInputs,,,,,,,,,1.0,2.0,1.0,0.0,
function,setVisible,,,,,,,,,1.0,18.0,0.0,0.0,
function,bindQuickReasons,,,,,,,,,1.0,1.0,0.0,0.0,
function,syncQuickWho,,,,,,,,,1.0,2.0,0.0,1.0,
function,toggleQuick,,,,,,,,,1.0,2.0,0.0,0.0,
function,appendSentence,,,,,,,,,1.0,1.0,0.0,0.0,
function,removeSentence,,,,,,,,,1.0,1.0,0.0,0.0,
function,copyFromH1Primary,,,,,,,,,1.0,0.0,1.0,0.0,
function,addCoCare,,,,,,,,,1.0,1.0,1.0,0.0,
function,removeCoCareRow,,,,,,,,,1.0,1.0,1.0,0.0,
function,resetCoCare,,,,,,,,,1.0,1.0,0.0,0.0,
function,restoreCoCare,,,,,,,,,1.0,1.0,0.0,0.0,
function,collectCoCare,,,,,,,,,1.0,1.0,0.0,0.0,
function,buildSection4,,,,,,,,,1.0,4.0,0.0,0.0,
function,infText,,,,,,,,,1.0,4.0,0.0,0.0,
function,syncSocialPrimary,,,,,,,,,1.0,4.0,0.0,1.0,
function,buildSection6,,,,,,,,,1.0,1.0,0.0,0.0,
function,createVirtualChecklist,,,,,,,,,1.0,1.0,0.0,0.0,
function,render,,,,,,,,,1.0,4.0,0.0,0.0,
function,updateProblemListPrintSummary,,,,,,,,,1.0,2.0,0.0,0.0,
function,toggleProblemSelection,,,,,,,,,1.0,1.0,0.0,0.0,
function,renderProblems,,,,,,,,,1.0,2.0,0.0,0.0,
function,limitProblems,,,,,,,,,1.0,3.0,0.0,0.0,
function,getSelectedProblems,,,,,,,,,1.0,2.0,0.0,0.0,
function,buildLongGoal,,,,,,,,,1.0,8.0,0.0,0.0,
function,formatCareServiceSentence,,,,,,,,,1.0,3.0,0.0,0.0,
function,formatGoalServiceSentence,,,,,,,,,1.0,12.0,0.0,0.0,
function,normalizeBulletLine,,,,,,,,,1.0,1.0,0.0,0.0,
function,extractLines,,,,,,,,,1.0,4.0,0.0,0.0,
function,gatherLongSummary,,,,,,,,,1.0,5.0,0.0,0.0,
function,parseLongGoalForPreview,,,,,,,,,1.0,1.0,0.0,0.0,
function,buildPreviewSection,,,,,,,,,1.0,0.0,0.0,0.0,UNUSED_FUNCTION
function,buildGoalPreview,,,,,,,,,1.0,1.0,0.0,1.0,
function,validateConditionalRequired,,,,,,,,,1.0,1.0,0.0,0.0,
function,normalizeLabelText,,,,,,,,,1.0,7.0,0.0,0.0,
function,getErrorSectionLabelFromField,,,,,,,,,1.0,1.0,0.0,0.0,
function,resolveErrorSectionLabel,,,,,,,,,1.0,2.0,0.0,0.0,
function,groupErrorsBySection,,,,,,,,,1.0,1.0,0.0,0.0,
function,renderErrorSummary,,,,,,,,,1.0,3.0,0.0,0.0,
function,showValidationToast,,,,,,,,,1.0,7.0,0.0,0.0,
function,hideValidationToast,,,,,,,,,1.0,6.0,0.0,0.0,
function,initValidationToast,,,,,,,,,1.0,1.0,0.0,0.0,
function,handleErrorSummaryClick,,,,,,,,,1.0,0.0,0.0,1.0,
function,focusErrorTarget,,,,,,,,,1.0,6.0,0.0,0.0,
function,clearStyleCheckerMarks,,,,,,,,,1.0,2.0,0.0,0.0,
function,runStyleChecker,,,,,,,,,1.0,1.0,0.0,0.0,
function,applyAndSave,,,,,,,,,1.0,2.0,1.0,0.0,
function,findFirstWizardStepForPage,,,,,,,,,1.0,2.0,0.0,0.0,
function,getWizardStepMeta,,,,,,,,,1.0,2.0,0.0,0.0,
function,getWizardIndex,,,,,,,,,1.0,2.0,0.0,0.0,
function,getWizardMoreElements,,,,,,,,,1.0,5.0,0.0,0.0,
function,detachWizardMoreMenuEvents,,,,,,,,,1.0,1.0,0.0,0.0,
function,attachWizardMoreMenuEvents,,,,,,,,,1.0,1.0,0.0,0.0,
function,openWizardMoreMenu,,,,,,,,,1.0,1.0,0.0,0.0,
function,closeWizardMoreMenu,,,,,,,,,1.0,8.0,0.0,0.0,
function,toggleWizardMoreMenu,,,,,,,,,1.0,1.0,0.0,0.0,
function,updateWizardButtons,,,,,,,,,1.0,5.0,0.0,0.0,
function,syncTabStatuses,,,,,,,,,1.0,3.0,0.0,0.0,
function,updateWizardVisual,,,,,,,,,1.0,4.0,0.0,0.0,
function,syncPageWithWizardStep,,,,,,,,,1.0,1.0,0.0,0.0,
function,determineWizardStepForPage,,,,,,,,,1.0,2.0,0.0,0.0,
function,scrollToWizardAnchor,,,,,,,,,1.0,1.0,0.0,0.0,
function,setCurrentWizardStep,,,,,,,,,1.0,12.0,0.0,0.0,
function,goWizardRelative,,,,,,,,,1.0,3.0,0.0,0.0,
function,resolveWizardStepForElement,,,,,,,,,1.0,4.0,0.0,0.0,
function,resolveWizardStepForField,,,,,,,,,1.0,6.0,0.0,0.0,
function,initWizardFlow,,,,,,,,,1.0,1.0,0.0,0.0,
function,initFloatingActions,,,,,,,,,1.0,1.0,0.0,0.0,
function,handlePageTabClick,,,,,,,,,1.0,0.0,0.0,1.0,
function,applyPageActivation,,,,,,,,,1.0,2.0,0.0,0.0,
function,updatePageTabActiveState,,,,,,,,,1.0,2.0,0.0,0.0,
function,applyGoalsSectionDefaults,,,,,,,,,1.0,1.0,0.0,0.0,
function,ensureGoalsPageDefaults,,,,,,,,,1.0,2.0,0.0,0.0,
function,inspectPageSectionVisibility,,,,,,,,,1.0,1.0,0.0,0.0,
function,setActivePage,,,,,,,,,1.0,15.0,0.0,0.0,
function,initPageTabs,,,,,,,,,1.0,1.0,0.0,0.0,
function,isBasicInfoComplete,,,,,,,,,1.0,3.0,0.0,0.0,
function,getFirstIncompleteBasicInfoFieldId,,,,,,,,,1.0,2.0,0.0,0.0,
function,focusBasicInfoField,,,,,,,,,1.0,2.0,0.0,0.0,
function,isPlanGroupLocked,,,,,,,,,1.0,1.0,0.0,0.0,
function,applyPlanGroupLockState,,,,,,,,,1.0,3.0,0.0,0.0,
function,setPlanGroupLocked,,,,,,,,,1.0,2.0,0.0,0.0,
function,getBasicInfoFieldValue,,,,,,,,,1.0,3.0,0.0,0.0,
function,updateBasicInfoFieldState,,,,,,,,,1.0,1.0,0.0,0.0,
function,applyWizardStepLockStates,,,,,,,,,1.0,2.0,0.0,0.0,
function,updateBasicInfoCompletion,,,,,,,,,1.0,8.0,0.0,0.0,
function,initBasicInfoValidation,,,,,,,,,1.0,1.0,0.0,0.0,
function,handleLockedPlanAttempt,,,,,,,,,1.0,3.0,0.0,0.0,
function,shouldPreventPlanGroupExpansion,,,,,,,,,1.0,2.0,0.0,0.0,
function,blockIfPlanGroupLocked,,,,,,,,,1.0,5.0,0.0,0.0,
function,isWizardStepLocked,,,,,,,,,1.0,10.0,0.0,0.0,
function,handleWizardStepLocked,,,,,,,,,1.0,9.0,0.0,0.0,
function,shouldBlockCollapseForBasicInfo,,,,,,,,,1.0,1.0,0.0,0.0,
function,initGroupCollapsibles,,,,,,,,,1.0,1.0,0.0,0.0,
function,initSection1State,,,,,,,,,1.0,1.0,0.0,0.0,
function,applyEllipsisTooltips,,,,,,,,,1.0,1.0,0.0,0.0,
function,initializeSidebarOnLoad,,,,,,,,,1.0,0.0,0.0,1.0,
function,handleMediaChange,,,,,,,,,1.0,1.0,0.0,1.0,
function,performScroll,,,,,,,,,2.0,2.0,0.0,0.0,DUPLICATE_FUNCTION_DEF
function,handler,,,,,,,,,2.0,0.0,0.0,1.0,DUPLICATE_FUNCTION_DEF
function,addMessage,,,,,,,,,1.0,20.0,0.0,0.0,
function,scheduleScroll,,,,,,,,,1.0,2.0,0.0,0.0,
function,has,,,,,,,,,1.0,110.0,0.0,0.0,
function,join,,,,,,,,,1.0,87.0,0.0,0.0,
function,listCN,,,,,,,,,1.0,14.0,0.0,0.0,
function,sexWord,,,,,,,,,1.0,1.0,0.0,0.0,
function,toggle,,,,,,,,,1.0,10.0,0.0,0.0,
function,handleScroll,,,,,,,,,1.0,0.0,0.0,1.0,
function,handleResize,,,,,,,,,1.0,0.0,0.0,1.0,
function,applyState,,,,,,,,,1.0,7.0,0.0,0.0,
function,extrasHandler,,,,,,,,,1.0,0.0,0.0,1.0,
function,B,,,,,,,,,0.0,2.0,0.0,0.0,MISSING_FUNCTION_DEF
function,Error,,,,,,,,,0.0,1.0,0.0,0.0,MISSING_FUNCTION_DEF
function,Event,,,,,,,,,0.0,7.0,0.0,0.0,MISSING_FUNCTION_DEF
function,Map,,,,,,,,,0.0,9.0,0.0,0.0,MISSING_FUNCTION_DEF
function,Set,,,,,,,,,0.0,24.0,0.0,0.0,MISSING_FUNCTION_DEF
function,_,,,,,,,,,0.0,1.0,0.0,0.0,MISSING_FUNCTION_DEF
function,abs,,,,,,,,,0.0,4.0,0.0,0.0,MISSING_FUNCTION_DEF
function,add,,,,,,,,,0.0,45.0,0.0,0.0,MISSING_FUNCTION_DEF
function,addEventListener,,,,,,,,,0.0,100.0,0.0,0.0,MISSING_FUNCTION_DEF
function,addListener,,,,,,,,,0.0,1.0,0.0,0.0,MISSING_FUNCTION_DEF
function,alert,,,,,,,,,0.0,1.0,0.0,0.0,MISSING_FUNCTION_DEF
function,appendChild,,,,,,,,,0.0,199.0,0.0,0.0,MISSING_FUNCTION_DEF
function,apply,,,,,,,,,0.0,4.0,0.0,0.0,MISSING_FUNCTION_DEF
function,assign,,,,,,,,,0.0,9.0,0.0,0.0,MISSING_FUNCTION_DEF
function,blur,,,,,,,,,0.0,2.0,0.0,0.0,MISSING_FUNCTION_DEF
function,call,,,,,,,,,0.0,10.0,0.0,0.0,MISSING_FUNCTION_DEF
function,callback,,,,,,,,,0.0,2.0,0.0,0.0,MISSING_FUNCTION_DEF
function,ceil,,,,,,,,,0.0,7.0,0.0,0.0,MISSING_FUNCTION_DEF
function,charAt,,,,,,,,,0.0,2.0,0.0,0.0,MISSING_FUNCTION_DEF
function,clear,,,,,,,,,0.0,4.0,0.0,0.0,MISSING_FUNCTION_DEF
function,clearTimeout,,,,,,,,,0.0,3.0,0.0,0.0,MISSING_FUNCTION_DEF
function,closest,,,,,,,,,0.0,41.0,0.0,0.0,MISSING_FUNCTION_DEF
function,compareDocumentPosition,,,,,,,,,0.0,1.0,0.0,0.0,MISSING_FUNCTION_DEF
function,concat,,,,,,,,,0.0,3.0,0.0,0.0,MISSING_FUNCTION_DEF
function,contains,,,,,,,,,0.0,59.0,0.0,0.0,MISSING_FUNCTION_DEF
function,create,,,,,,,,,0.0,2.0,0.0,0.0,MISSING_FUNCTION_DEF
function,createDocumentFragment,,,,,,,,,0.0,2.0,0.0,0.0,MISSING_FUNCTION_DEF
function,createElement,,,,,,,,,0.0,142.0,0.0,0.0,MISSING_FUNCTION_DEF
function,createTextNode,,,,,,,,,0.0,1.0,0.0,0.0,MISSING_FUNCTION_DEF
function,delete,,,,,,,,,0.0,4.0,0.0,0.0,MISSING_FUNCTION_DEF
function,destroy,,,,,,,,,0.0,1.0,0.0,0.0,MISSING_FUNCTION_DEF
function,dispatchEvent,,,,,,,,,0.0,7.0,0.0,0.0,MISSING_FUNCTION_DEF
function,endsWith,,,,,,,,,0.0,8.0,0.0,0.0,MISSING_FUNCTION_DEF
function,error,,,,,,,,,0.0,2.0,0.0,0.0,MISSING_FUNCTION_DEF
function,escape,,,,,,,,,0.0,1.0,0.0,0.0,MISSING_FUNCTION_DEF
function,ev,,,,,,,,,0.0,0.0,0.0,1.0,MISSING_FUNCTION_DEF
function,event,,,,,,,,,0.0,0.0,0.0,1.0,MISSING_FUNCTION_DEF
function,every,,,,,,,,,0.0,5.0,0.0,0.0,MISSING_FUNCTION_DEF
function,evt,,,,,,,,,0.0,0.0,0.0,1.0,MISSING_FUNCTION_DEF
function,execCommand,,,,,,,,,0.0,1.0,0.0,0.0,MISSING_FUNCTION_DEF
function,fill,,,,,,,,,0.0,1.0,0.0,0.0,MISSING_FUNCTION_DEF
function,filter,,,,,,,,,0.0,62.0,0.0,0.0,MISSING_FUNCTION_DEF
function,find,,,,,,,,,0.0,12.0,0.0,0.0,MISSING_FUNCTION_DEF
function,floor,,,,,,,,,0.0,7.0,0.0,0.0,MISSING_FUNCTION_DEF
function,fn,,,,,,,,,0.0,1.0,0.0,0.0,MISSING_FUNCTION_DEF
function,focus,,,,,,,,,0.0,12.0,0.0,0.0,MISSING_FUNCTION_DEF
function,forEach,,,,,,,,,0.0,275.0,0.0,0.0,MISSING_FUNCTION_DEF
function,freeze,,,,,,,,,0.0,7.0,0.0,0.0,MISSING_FUNCTION_DEF
function,from,,,,,,,,,0.0,37.0,0.0,0.0,MISSING_FUNCTION_DEF
function,function,,,,,,,,,0.0,0.0,0.0,1.0,MISSING_FUNCTION_DEF
function,get,,,,,,,,,0.0,6.0,0.0,0.0,MISSING_FUNCTION_DEF
function,getAttribute,,,,,,,,,0.0,8.0,0.0,0.0,MISSING_FUNCTION_DEF
function,getBoundingClientRect,,,,,,,,,0.0,6.0,0.0,0.0,MISSING_FUNCTION_DEF
function,getCaseManagersByUnit,,,,,,,,,0.0,1.0,0.0,0.0,MISSING_FUNCTION_DEF
function,getComputedStyle,,,,,,,,,0.0,3.0,0.0,0.0,MISSING_FUNCTION_DEF
function,getConsultantsByUnit,,,,,,,,,0.0,1.0,0.0,0.0,MISSING_FUNCTION_DEF
function,getDate,,,,,,,,,0.0,3.0,0.0,0.0,MISSING_FUNCTION_DEF
function,getElementById,,,,,,,,,0.0,564.0,0.0,0.0,MISSING_FUNCTION_DEF
function,getFullYear,,,,,,,,,0.0,2.0,0.0,0.0,MISSING_FUNCTION_DEF
function,getItem,,,,,,,,,0.0,6.0,0.0,0.0,MISSING_FUNCTION_DEF
function,getMonth,,,,,,,,,0.0,2.0,0.0,0.0,MISSING_FUNCTION_DEF
function,getServiceCatalog,,,,,,,,,0.0,1.0,0.0,0.0,MISSING_FUNCTION_DEF
function,getTime,,,,,,,,,0.0,3.0,0.0,0.0,MISSING_FUNCTION_DEF
function,group,,,,,,,,,0.0,1.0,0.0,0.0,MISSING_FUNCTION_DEF
function,groupCollapsed,,,,,,,,,0.0,2.0,0.0,0.0,MISSING_FUNCTION_DEF
function,groupEnd,,,,,,,,,0.0,2.0,0.0,0.0,MISSING_FUNCTION_DEF
function,h,,,,,,,,,0.0,1.0,0.0,0.0,MISSING_FUNCTION_DEF
function,hasAttribute,,,,,,,,,0.0,1.0,0.0,0.0,MISSING_FUNCTION_DEF
function,hidden,,,,,,,,,0.0,1.0,0.0,0.0,MISSING_FUNCTION_DEF
function,includes,,,,,,,,,0.0,16.0,0.0,0.0,MISSING_FUNCTION_DEF
function,indexOf,,,,,,,,,0.0,21.0,0.0,0.0,MISSING_FUNCTION_DEF
function,info,,,,,,,,,0.0,1.0,0.0,0.0,MISSING_FUNCTION_DEF
function,insertBefore,,,,,,,,,0.0,17.0,0.0,0.0,MISSING_FUNCTION_DEF
function,isArray,,,,,,,,,0.0,75.0,0.0,0.0,MISSING_FUNCTION_DEF
function,isFinite,,,,,,,,,0.0,20.0,0.0,0.0,MISSING_FUNCTION_DEF
function,isNaN,,,,,,,,,0.0,16.0,0.0,0.0,MISSING_FUNCTION_DEF
function,keys,,,,,,,,,0.0,14.0,0.0,0.0,MISSING_FUNCTION_DEF
function,localeCompare,,,,,,,,,0.0,5.0,0.0,0.0,MISSING_FUNCTION_DEF
function,log,,,,,,,,,0.0,2.0,0.0,0.0,MISSING_FUNCTION_DEF
function,map,,,,,,,,,0.0,71.0,0.0,0.0,MISSING_FUNCTION_DEF
function,match,,,,,,,,,0.0,2.0,0.0,0.0,MISSING_FUNCTION_DEF
function,matchMedia,,,,,,,,,0.0,3.0,0.0,0.0,MISSING_FUNCTION_DEF
function,matches,,,,,,,,,0.0,11.0,0.0,0.0,MISSING_FUNCTION_DEF
function,max,,,,,,,,,0.0,28.0,0.0,0.0,MISSING_FUNCTION_DEF
function,min,,,,,,,,,0.0,8.0,0.0,0.0,MISSING_FUNCTION_DEF
function,not,,,,,,,,,0.0,3.0,0.0,0.0,MISSING_FUNCTION_DEF
function,now,,,,,,,,,0.0,4.0,0.0,0.0,MISSING_FUNCTION_DEF
function,observer,,,,,,,,,0.0,1.0,0.0,0.0,MISSING_FUNCTION_DEF
function,onPromote,,,,,,,,,0.0,1.0,0.0,0.0,MISSING_FUNCTION_DEF
function,open,,,,,,,,,0.0,1.0,0.0,0.0,MISSING_FUNCTION_DEF
function,padStart,,,,,,,,,0.0,1.0,0.0,0.0,MISSING_FUNCTION_DEF
function,parse,,,,,,,,,0.0,5.0,0.0,0.0,MISSING_FUNCTION_DEF
function,parseFloat,,,,,,,,,0.0,5.0,0.0,0.0,MISSING_FUNCTION_DEF
function,parseInt,,,,,,,,,0.0,2.0,0.0,0.0,MISSING_FUNCTION_DEF
function,preventDefault,,,,,,,,,0.0,6.0,0.0,0.0,MISSING_FUNCTION_DEF
function,push,,,,,,,,,0.0,266.0,0.0,0.0,MISSING_FUNCTION_DEF
function,querySelector,,,,,,,,,0.0,87.0,0.0,0.0,MISSING_FUNCTION_DEF
function,querySelectorAll,,,,,,,,,0.0,115.0,0.0,0.0,MISSING_FUNCTION_DEF
function,reduce,,,,,,,,,0.0,1.0,0.0,0.0,MISSING_FUNCTION_DEF
function,reject,,,,,,,,,0.0,2.0,0.0,0.0,MISSING_FUNCTION_DEF
function,remove,,,,,,,,,0.0,41.0,0.0,0.0,MISSING_FUNCTION_DEF
function,removeAttribute,,,,,,,,,0.0,11.0,0.0,0.0,MISSING_FUNCTION_DEF
function,removeChild,,,,,,,,,0.0,6.0,0.0,0.0,MISSING_FUNCTION_DEF
function,removeEventListener,,,,,,,,,0.0,5.0,0.0,0.0,MISSING_FUNCTION_DEF
function,removeItem,,,,,,,,,0.0,2.0,0.0,0.0,MISSING_FUNCTION_DEF
function,renderItem,,,,,,,,,0.0,1.0,0.0,0.0,MISSING_FUNCTION_DEF
function,replace,,,,,,,,,0.0,21.0,0.0,0.0,MISSING_FUNCTION_DEF
function,replaceChild,,,,,,,,,0.0,2.0,0.0,0.0,MISSING_FUNCTION_DEF
function,requestAnimationFrame,,,,,,,,,0.0,5.0,0.0,0.0,MISSING_FUNCTION_DEF
function,resolve,,,,,,,,,0.0,1.0,0.0,0.0,MISSING_FUNCTION_DEF
function,round,,,,,,,,,0.0,12.0,0.0,0.0,MISSING_FUNCTION_DEF
function,scrollIntoView,,,,,,,,,0.0,4.0,0.0,0.0,MISSING_FUNCTION_DEF
function,scrollTo,,,,,,,,,0.0,3.0,0.0,0.0,MISSING_FUNCTION_DEF
function,select,,,,,,,,,0.0,2.0,0.0,0.0,MISSING_FUNCTION_DEF
function,set,,,,,,,,,0.0,5.0,0.0,0.0,MISSING_FUNCTION_DEF
function,setAttribute,,,,,,,,,0.0,56.0,0.0,0.0,MISSING_FUNCTION_DEF
function,setDate,,,,,,,,,0.0,1.0,0.0,0.0,MISSING_FUNCTION_DEF
function,setItem,,,,,,,,,0.0,5.0,0.0,0.0,MISSING_FUNCTION_DEF
function,setProperty,,,,,,,,,0.0,3.0,0.0,0.0,MISSING_FUNCTION_DEF
function,setWidth,,,,,,,,,0.0,1.0,0.0,0.0,MISSING_FUNCTION_DEF
function,slice,,,,,,,,,0.0,12.0,0.0,0.0,MISSING_FUNCTION_DEF
function,some,,,,,,,,,0.0,15.0,0.0,0.0,MISSING_FUNCTION_DEF
function,sort,,,,,,,,,0.0,10.0,0.0,0.0,MISSING_FUNCTION_DEF
function,splice,,,,,,,,,0.0,1.0,0.0,0.0,MISSING_FUNCTION_DEF
function,split,,,,,,,,,0.0,13.0,0.0,0.0,MISSING_FUNCTION_DEF
function,startsWith,,,,,,,,,0.0,9.0,0.0,0.0,MISSING_FUNCTION_DEF
function,stopPropagation,,,,,,,,,0.0,2.0,0.0,0.0,MISSING_FUNCTION_DEF
function,stringify,,,,,,,,,0.0,5.0,0.0,0.0,MISSING_FUNCTION_DEF
function,table,,,,,,,,,0.0,2.0,0.0,0.0,MISSING_FUNCTION_DEF
function,test,,,,,,,,,0.0,15.0,0.0,0.0,MISSING_FUNCTION_DEF
function,then,,,,,,,,,0.0,1.0,0.0,0.0,MISSING_FUNCTION_DEF
function,toFixed,,,,,,,,,0.0,9.0,0.0,0.0,MISSING_FUNCTION_DEF
function,toLocaleString,,,,,,,,,0.0,1.0,0.0,0.0,MISSING_FUNCTION_DEF
function,toLowerCase,,,,,,,,,0.0,19.0,0.0,0.0,MISSING_FUNCTION_DEF
function,toString,,,,,,,,,0.0,1.0,0.0,0.0,MISSING_FUNCTION_DEF
function,toUpperCase,,,,,,,,,0.0,9.0,0.0,0.0,MISSING_FUNCTION_DEF
function,translateY,,,,,,,,,0.0,1.0,0.0,0.0,MISSING_FUNCTION_DEF
function,trim,,,,,,,,,0.0,195.0,0.0,0.0,MISSING_FUNCTION_DEF
function,type,,,,,,,,,0.0,4.0,0.0,0.0,MISSING_FUNCTION_DEF
function,values,,,,,,,,,0.0,7.0,0.0,0.0,MISSING_FUNCTION_DEF
function,var,,,,,,,,,0.0,2.0,0.0,0.0,MISSING_FUNCTION_DEF
function,warn,,,,,,,,,0.0,6.0,0.0,0.0,MISSING_FUNCTION_DEF
function,withFailureHandler,,,,,,,,,0.0,1.0,0.0,0.0,MISSING_FUNCTION_DEF
function,withSuccessHandler,,,,,,,,,0.0,4.0,0.0,0.0,MISSING_FUNCTION_DEF
function,wizardMoreMenuState,,,,,,,,,0.0,0.0,0.0,1.0,MISSING_FUNCTION_DEF
function,writeText,,,,,,,,,0.0,1.0,0.0,0.0,MISSING_FUNCTION_DEF
